/*
Navicat MySQL Data Transfer

Source Server         : ym
Source Server Version : 50553
Source Host           : localhost:3306
Source Database       : blog

Target Server Type    : MYSQL
Target Server Version : 50553
File Encoding         : 65001

Date: 2017-05-01 19:26:05
*/

SET FOREIGN_KEY_CHECKS=0;

-- ----------------------------
-- Table structure for pre_admin
-- ----------------------------
DROP TABLE IF EXISTS `pre_admin`;
CREATE TABLE `pre_admin` (
  `admin_id` int(11) NOT NULL AUTO_INCREMENT COMMENT '主键',
  `admin_name` varchar(100) NOT NULL COMMENT '账号',
  `admin_pwd` varchar(32) NOT NULL COMMENT '密码',
  `admin_img` varchar(255) NOT NULL COMMENT '头像',
  `admin_site` varchar(200) NOT NULL COMMENT '网站',
  `admin_nickname` varchar(150) NOT NULL COMMENT '呢称',
  `admin_email` varchar(200) NOT NULL COMMENT '邮箱',
  `admin_qq` int(11) NOT NULL COMMENT 'QQ',
  PRIMARY KEY (`admin_id`)
) ENGINE=MyISAM AUTO_INCREMENT=6 DEFAULT CHARSET=utf8 COMMENT='管理员表';

-- ----------------------------
-- Records of pre_admin
-- ----------------------------
INSERT INTO `pre_admin` VALUES ('1', 'admin', 'e10adc3949ba59abbe56e057f20f883e', 'static/images/admin.jpg', 'http://xxxx.xxx', 'My-Blog', '123456890@qq.com', '1234567890');

-- ----------------------------
-- Table structure for pre_artcate
-- ----------------------------
DROP TABLE IF EXISTS `pre_artcate`;
CREATE TABLE `pre_artcate` (
  `artcate_id` int(11) NOT NULL AUTO_INCREMENT COMMENT '主键',
  `artcate_name` varchar(200) NOT NULL COMMENT '文章分类名称',
  PRIMARY KEY (`artcate_id`)
) ENGINE=MyISAM AUTO_INCREMENT=10 DEFAULT CHARSET=utf8 COMMENT='文章分类表';

-- ----------------------------
-- Records of pre_artcate
-- ----------------------------
INSERT INTO `pre_artcate` VALUES ('2', 'web');
INSERT INTO `pre_artcate` VALUES ('4', '网站运营');
INSERT INTO `pre_artcate` VALUES ('5', '心得笔记');
INSERT INTO `pre_artcate` VALUES ('6', '五花八门');
INSERT INTO `pre_artcate` VALUES ('7', 'php');
INSERT INTO `pre_artcate` VALUES ('8', 'banner');

-- ----------------------------
-- Table structure for pre_article
-- ----------------------------
DROP TABLE IF EXISTS `pre_article`;
CREATE TABLE `pre_article` (
  `article_id` int(11) NOT NULL AUTO_INCREMENT COMMENT '主键',
  `article_title` varchar(200) NOT NULL COMMENT '文章标题',
  `article_content` text NOT NULL COMMENT '文章内容',
  `article_img` varchar(255) NOT NULL COMMENT '文章图片',
  `article_time` int(11) NOT NULL COMMENT '添加时间',
  `article_author` varchar(100) NOT NULL COMMENT '文章作者',
  `artcate_id` int(11) NOT NULL COMMENT '文章分类',
  `article_desc` varchar(255) DEFAULT NULL,
  PRIMARY KEY (`article_id`)
) ENGINE=MyISAM AUTO_INCREMENT=30 DEFAULT CHARSET=utf8 COMMENT='文章表';

-- ----------------------------
-- Records of pre_article
-- ----------------------------
INSERT INTO `pre_article` VALUES ('1', '茶的品质再好，水温不够也泡不出香味', '你若白白的过一天，无所事事的，那么你就像是犯了窃盗罪一样。淡然的心不计得失，懂得宽容，自然赢得一片宁静。宁静幸福的生活，要用宁静的心来换取。', 'static/images/banner.jpg', '0', 'my-blog', '8', 'banner');
INSERT INTO `pre_article` VALUES ('2', '趁我们都还年轻', '', 'static/images/s5.jpg', '0', 'my-blog', '6', ' 趁我们都还年轻,多走几步路，多欣赏下沿途的风景，不要急于抵达目的地而错过了流年里温暖的人和物；趁我们都还年轻，多说些浪漫的话语，多做些幼稚的事情，不要嫌人笑话错过了生命中最美好的片段和场合；趁我们都还年轻，把距离缩短，把时间延长。趁我们都还年轻，多做些我们想要做的任何事...');
INSERT INTO `pre_article` VALUES ('3', '趁我们都还年轻', '', 'static/images/s5.jpg', '0', 'my-blog', '6', ' 趁我们都还年轻,多走几步路，多欣赏下沿途的风景，不要急于抵达目的地而错过了流年里温暖的人和物；趁我们都还年轻，多说些浪漫的话语，多做些幼稚的事情，不要嫌人笑话错过了生命中最美好的片段和场合；趁我们都还年轻，把距离缩短，把时间延长。趁我们都还年轻，多做些我们想要做的任何事...');
INSERT INTO `pre_article` VALUES ('4', '趁我们都还年轻', '', 'static/images/s5.jpg', '0', 'my-blog', '6', ' 趁我们都还年轻,多走几步路，多欣赏下沿途的风景，不要急于抵达目的地而错过了流年里温暖的人和物；趁我们都还年轻，多说些浪漫的话语，多做些幼稚的事情，不要嫌人笑话错过了生命中最美好的片段和场合；趁我们都还年轻，把距离缩短，把时间延长。趁我们都还年轻，多做些我们想要做的任何事...');
INSERT INTO `pre_article` VALUES ('5', '趁我们都还年轻', '', 'static/images/s5.jpg', '0', 'my-blog', '6', ' 趁我们都还年轻,多走几步路，多欣赏下沿途的风景，不要急于抵达目的地而错过了流年里温暖的人和物；趁我们都还年轻，多说些浪漫的话语，多做些幼稚的事情，不要嫌人笑话错过了生命中最美好的片段和场合；趁我们都还年轻，把距离缩短，把时间延长。趁我们都还年轻，多做些我们想要做的任何事...');
INSERT INTO `pre_article` VALUES ('6', '趁我们都还年轻', '', 'static/images/s5.jpg', '1494604800', 'my-blog', '6', ' 趁我们都还年轻,多走几步路，多欣赏下沿途的风景，不要急于抵达目的地而错过了流年里温暖的人和物；趁我们都还年轻，多说些浪漫的话语，多做些幼稚的事情，不要嫌人笑话错过了生命中最美好的片段和场合；趁我们都还年轻，把距离缩短，把时间延长。趁我们都还年轻，多做些我们想要做的任何事...');
INSERT INTO `pre_article` VALUES ('7', '某一人似曾相识、某一刻似曾经历', '\r\n<div class=\"shili\">\r\n<p><a href=\"/jstt/bj/2013-08-03/549.html\" target=\"_blank\"><strong><span style=\"color: rgb(0, 0, 0);\">html css 十一条网页设计经典实用的代码片段</span></strong></a></p>\r\n<p><a href=\"/jstt/bj/2013-06-06/85.html\" target=\"_blank\"><strong><span style=\"color: rgb(0, 0, 0);\">Div+CSS 规则整理 以及注意问题</span></strong></a></p>\r\n<p><a href=\"/jstt/bj/2013-06-06/88.html\" target=\"_blank\"><strong><span style=\"color: rgb(0, 0, 0);\">10条HTML代码编写技巧</span></strong></a></p>\r\n<p><a href=\"/jstt/bj/2013-06-06/90.html\" target=\"_blank\"><strong><span style=\"color: rgb(0, 0, 0);\">CSS常见的问题和技巧总结</span></strong></a></p>\r\n</div>\r\n<p><strong>1、如何清除图片下方出现几像素的空白间隙？</strong></p>\r\n<p class=\"shili\">方法1：img{display:block;} &nbsp;方法2： img{vertical-align:top;}</p>\r\n<p><strong>2、如何让文本垂直对齐文本输入框？</strong></p>\r\n<p class=\"shili\">input{vertical-align:middle;}</p>\r\n<p><strong>3、如何让单行文本在容器内垂直居中？</strong></p>\r\n<p class=\"shili\">#test{height:25px;line-height:25px;}</p>\r\n<p>/* 只需设置文本的行高等于容器的高度即可 */</p>\r\n<p><strong>4、如何让超链接访问后和访问前的颜色不同且访问后仍保留hover和active效果？</strong></p>\r\n<div class=\"shili\">\r\n<p>a:link{color:#03c;}</p>\r\n<p>a:visited{color:#666;}</p>\r\n<p>a:hover{color:#f30;}</p>\r\n<p>a:active{color:#c30;}</p>\r\n<p>/* 按L-V-H-A的顺序设置超链接样式即可，可速记为LoVe（喜欢）HAte（讨厌）*/</p>\r\n</div>\r\n<p><strong>5、如何使文本溢出边界不换行强制在一行内显示？</strong></p>\r\n<p class=\"shili\">#test{width:150px;white-space:nowrap;}</p>\r\n<p>/* 设置容器的宽度和white-space为nowrap即可，其效果类似&lt;nobr&gt;标签 */</p>\r\n<p><strong>6、如何使文本溢出边界显示为省略号？</strong></p>\r\n<p class=\"shili\">#test{width:150px;white-space:nowrap;overflow:hidden;text-overflow:ellipsis;}</p>\r\n<p>/* 首先需设置将文本强制在一行内显示，然后将溢出的文本通过overflow:hidden截断，并以text-overflow:ellipsis方式将截断的文本显示为省略号。 */</p>\r\n<p><strong>7、如何使连续的长字符串自动换行？</strong></p>\r\n<p class=\"shili\">#test{width:150px;word-wrap:break-word;}</p>\r\n<p>/* word-wrap的break-word值允许单词内换行 */</p>\r\n<p><strong>8、如何清除浮动？</strong></p>\r\n<p>方法1：</p>\r\n<p class=\"shili\">#test{clear:both;}</p>\r\n<p>/* #test为浮动元素的下一个兄弟元素 */</p>\r\n<p>方法2：</p>\r\n<p class=\"shili\">#test{display:block;zoom:1;overflow:hidden;}</p>\r\n<p>/* #test为浮动元素的父元素。zoom:1也可以替换为固定的width或height */</p>\r\n<p>方法3：</p>\r\n<div class=\"shili\">\r\n<p>#test{zoom:1;}</p>\r\n<p>#test:after{display:block;clear:both;visibility:hidden;height:0;content:\'\';}</p>\r\n<p>/* #test为浮动元素的父元素 */</p>\r\n</div>\r\n<p><strong>9、如何让未知尺寸的图片在已知宽高的容器内水平垂直居中？</strong></p>\r\n<div class=\"shili\">\r\n<p>#test{display:table-cell;*display:block;*position:relative;width:200px;height:200px;text-align:center;vertical-align:middle;}</p>\r\n<p>#test p{*position:absolute;*top:50%;*left:50%;margin:0;}</p>\r\n<p>#test p img{*position:relative;*top:-50%;*left:-50%;vertical-align:middle;}</p>\r\n<p>/* #test是img的祖父节点，p是img的父节点。Know More：未知尺寸的图片如何水平垂直居中 */</p>\r\n</div>\r\n<p><strong>10、如何设置span的宽度和高度（即如何设置内联元素的宽高）？</strong></p>\r\n<p class=\"shili\">span{display:block;width:200px;height:100px;}</p>\r\n<p>/* 要使内联元素可以设置宽高，只需将其定义为块级或者内联块级元素即可。所以方法非常多样，既可以设置display属性，也可以设置float属性，或者position属性等等。 */</p>\r\n<p><strong>11、如何去掉超链接的虚线框？</strong></p>\r\n<p class=\"shili\">a{outline:none;}</p>\r\n<p><strong>12、如何容器透明，内容不透明？</strong></p>\r\n<div class=\"shili\">\r\n<p>.outer{width:200px;height:200px;background:rgba(0,0,0,.2);background:#000\\9;filter:alpha(opacity=20)\\9;}</p>\r\n<p>.outer .inner{position:relative\\9;}<span class=\"Apple-tab-span\" style=\"white-space:pre\">					</span></p>\r\n<p>&lt;div class=\"outer\"&gt;</p>\r\n<p><span class=\"Apple-tab-span\" style=\"white-space:pre\">	</span>&lt;div class=\"inner\"&gt;我是不透明的内容&lt;/div&gt;</p>\r\n<p>&lt;/div&gt;</p>\r\n<p>/* 高级浏览器直接使用rgba颜色值实现；IE浏览器在定义容器透明的同时，让子节点相对定位，也可达到效果 */</p>\r\n</div>\r\n<p><strong>13、如何做1像素细边框的table？</strong></p>\r\n<p>方法1：</p>\r\n<div class=\"shili\">\r\n<p>#test{border-collapse:collapse;border:1px solid #ddd;}</p>\r\n<p>#test th,#test td{border:1px solid #ddd;}</p>\r\n<p>&lt;table id=\"test\"&gt;</p>\r\n<p><span class=\"Apple-tab-span\" style=\"white-space:pre\">	</span>&lt;tr&gt;&lt;th&gt;姓名&lt;/th&gt;&lt;td&gt;Joy Du&lt;/td&gt;&lt;/tr&gt;</p>\r\n<p><span class=\"Apple-tab-span\" style=\"white-space:pre\">	</span>&lt;tr&gt;&lt;th&gt;年龄&lt;/th&gt;&lt;td&gt;26&lt;/td&gt;&lt;/tr&gt;</p>\r\n<p>&lt;/table&gt;</p>\r\n</div>\r\n<p>方法2：</p>\r\n<div class=\"shili\">\r\n<p>#test{border-spacing:1px;background:#ddd;}</p>\r\n<p>#test tr{background:#fff;}</p>\r\n<p>&lt;table id=\"test\" cellspacing=\"1\"&gt;</p>\r\n<p><span class=\"Apple-tab-span\" style=\"white-space:pre\">	</span>&lt;tr&gt;&lt;th&gt;姓名&lt;/th&gt;&lt;td&gt;Joy Du&lt;/td&gt;&lt;/tr&gt;</p>\r\n<p><span class=\"Apple-tab-span\" style=\"white-space:pre\">	</span>&lt;tr&gt;&lt;th&gt;年龄&lt;/th&gt;&lt;td&gt;26&lt;/td&gt;&lt;/tr&gt;</p>\r\n<p>&lt;/table&gt;</p>\r\n<p>/* IE7及更早浏览器不支持border-spacing属性，但是可以通过table的标签属性cellspacing来替代。*/</p>\r\n</div>\r\n<p><strong>14、如何让层在falsh上显示？</strong></p>\r\n<p class=\"shili\">&lt;param name=\"wmode\" value=\"transparent\" /&gt;</p>\r\n<p><strong>15、如何使用标准的方法在页面上插入flash？</strong></p>\r\n<div class=\"shili\">\r\n<p>&lt;object id=\"flash-show\" type=\"application/x-shockwave-flash\" data=\"*.swf\"&gt;</p>\r\n<p><span class=\"Apple-tab-span\" style=\"white-space:pre\">	</span>&lt;param name=\"movie\" value=\"*.swf\" /&gt;</p>\r\n<p><span class=\"Apple-tab-span\" style=\"white-space:pre\">	</span>&lt;param name=\"wmode\" value=\"transparent\" /&gt;</p>\r\n<p><span class=\"Apple-tab-span\" style=\"white-space:pre\">	</span>&lt;img src=\"*.jpg\" alt=\"用于不支持flash或屏蔽flash时显示\" /&gt;</p>\r\n<p>&lt;/object&gt;</p>\r\n<p>/* 至于flash的宽高可以在css里设置 */</p>\r\n</div><p align=\"center\" class=\"pageLink\"></p>  ', 'static/images/s5.jpg', '1494604800', 'my-blog', '6', '有时候会有这样的错觉：“某一人似曾相识、某一刻似曾经历”，这样奇特的感受大概你也有过。心理学称之为“即视现象”，是记忆中太多杂乱信息制造出的一种潜意识矛盾冲突。\r\n阳光下的影子，不再是你，秋天里的风，已经感觉不到你的气息，甚至让我有一种错觉，你是否来过，但在这里，始终找不到一丝你存在过的证据。');
INSERT INTO `pre_article` VALUES ('8', '某一人似曾相识、某一刻似曾经历', '\r\n<div class=\"shili\">\r\n<p><a href=\"/jstt/bj/2013-08-03/549.html\" target=\"_blank\"><strong><span style=\"color: rgb(0, 0, 0);\">html css 十一条网页设计经典实用的代码片段</span></strong></a></p>\r\n<p><a href=\"/jstt/bj/2013-06-06/85.html\" target=\"_blank\"><strong><span style=\"color: rgb(0, 0, 0);\">Div+CSS 规则整理 以及注意问题</span></strong></a></p>\r\n<p><a href=\"/jstt/bj/2013-06-06/88.html\" target=\"_blank\"><strong><span style=\"color: rgb(0, 0, 0);\">10条HTML代码编写技巧</span></strong></a></p>\r\n<p><a href=\"/jstt/bj/2013-06-06/90.html\" target=\"_blank\"><strong><span style=\"color: rgb(0, 0, 0);\">CSS常见的问题和技巧总结</span></strong></a></p>\r\n</div>\r\n<p><strong>1、如何清除图片下方出现几像素的空白间隙？</strong></p>\r\n<p class=\"shili\">方法1：img{display:block;} &nbsp;方法2： img{vertical-align:top;}</p>\r\n<p><strong>2、如何让文本垂直对齐文本输入框？</strong></p>\r\n<p class=\"shili\">input{vertical-align:middle;}</p>\r\n<p><strong>3、如何让单行文本在容器内垂直居中？</strong></p>\r\n<p class=\"shili\">#test{height:25px;line-height:25px;}</p>\r\n<p>/* 只需设置文本的行高等于容器的高度即可 */</p>\r\n<p><strong>4、如何让超链接访问后和访问前的颜色不同且访问后仍保留hover和active效果？</strong></p>\r\n<div class=\"shili\">\r\n<p>a:link{color:#03c;}</p>\r\n<p>a:visited{color:#666;}</p>\r\n<p>a:hover{color:#f30;}</p>\r\n<p>a:active{color:#c30;}</p>\r\n<p>/* 按L-V-H-A的顺序设置超链接样式即可，可速记为LoVe（喜欢）HAte（讨厌）*/</p>\r\n</div>\r\n<p><strong>5、如何使文本溢出边界不换行强制在一行内显示？</strong></p>\r\n<p class=\"shili\">#test{width:150px;white-space:nowrap;}</p>\r\n<p>/* 设置容器的宽度和white-space为nowrap即可，其效果类似&lt;nobr&gt;标签 */</p>\r\n<p><strong>6、如何使文本溢出边界显示为省略号？</strong></p>\r\n<p class=\"shili\">#test{width:150px;white-space:nowrap;overflow:hidden;text-overflow:ellipsis;}</p>\r\n<p>/* 首先需设置将文本强制在一行内显示，然后将溢出的文本通过overflow:hidden截断，并以text-overflow:ellipsis方式将截断的文本显示为省略号。 */</p>\r\n<p><strong>7、如何使连续的长字符串自动换行？</strong></p>\r\n<p class=\"shili\">#test{width:150px;word-wrap:break-word;}</p>\r\n<p>/* word-wrap的break-word值允许单词内换行 */</p>\r\n<p><strong>8、如何清除浮动？</strong></p>\r\n<p>方法1：</p>\r\n<p class=\"shili\">#test{clear:both;}</p>\r\n<p>/* #test为浮动元素的下一个兄弟元素 */</p>\r\n<p>方法2：</p>\r\n<p class=\"shili\">#test{display:block;zoom:1;overflow:hidden;}</p>\r\n<p>/* #test为浮动元素的父元素。zoom:1也可以替换为固定的width或height */</p>\r\n<p>方法3：</p>\r\n<div class=\"shili\">\r\n<p>#test{zoom:1;}</p>\r\n<p>#test:after{display:block;clear:both;visibility:hidden;height:0;content:\'\';}</p>\r\n<p>/* #test为浮动元素的父元素 */</p>\r\n</div>\r\n<p><strong>9、如何让未知尺寸的图片在已知宽高的容器内水平垂直居中？</strong></p>\r\n<div class=\"shili\">\r\n<p>#test{display:table-cell;*display:block;*position:relative;width:200px;height:200px;text-align:center;vertical-align:middle;}</p>\r\n<p>#test p{*position:absolute;*top:50%;*left:50%;margin:0;}</p>\r\n<p>#test p img{*position:relative;*top:-50%;*left:-50%;vertical-align:middle;}</p>\r\n<p>/* #test是img的祖父节点，p是img的父节点。Know More：未知尺寸的图片如何水平垂直居中 */</p>\r\n</div>\r\n<p><strong>10、如何设置span的宽度和高度（即如何设置内联元素的宽高）？</strong></p>\r\n<p class=\"shili\">span{display:block;width:200px;height:100px;}</p>\r\n<p>/* 要使内联元素可以设置宽高，只需将其定义为块级或者内联块级元素即可。所以方法非常多样，既可以设置display属性，也可以设置float属性，或者position属性等等。 */</p>\r\n<p><strong>11、如何去掉超链接的虚线框？</strong></p>\r\n<p class=\"shili\">a{outline:none;}</p>\r\n<p><strong>12、如何容器透明，内容不透明？</strong></p>\r\n<div class=\"shili\">\r\n<p>.outer{width:200px;height:200px;background:rgba(0,0,0,.2);background:#000\\9;filter:alpha(opacity=20)\\9;}</p>\r\n<p>.outer .inner{position:relative\\9;}<span class=\"Apple-tab-span\" style=\"white-space:pre\">					</span></p>\r\n<p>&lt;div class=\"outer\"&gt;</p>\r\n<p><span class=\"Apple-tab-span\" style=\"white-space:pre\">	</span>&lt;div class=\"inner\"&gt;我是不透明的内容&lt;/div&gt;</p>\r\n<p>&lt;/div&gt;</p>\r\n<p>/* 高级浏览器直接使用rgba颜色值实现；IE浏览器在定义容器透明的同时，让子节点相对定位，也可达到效果 */</p>\r\n</div>\r\n<p><strong>13、如何做1像素细边框的table？</strong></p>\r\n<p>方法1：</p>\r\n<div class=\"shili\">\r\n<p>#test{border-collapse:collapse;border:1px solid #ddd;}</p>\r\n<p>#test th,#test td{border:1px solid #ddd;}</p>\r\n<p>&lt;table id=\"test\"&gt;</p>\r\n<p><span class=\"Apple-tab-span\" style=\"white-space:pre\">	</span>&lt;tr&gt;&lt;th&gt;姓名&lt;/th&gt;&lt;td&gt;Joy Du&lt;/td&gt;&lt;/tr&gt;</p>\r\n<p><span class=\"Apple-tab-span\" style=\"white-space:pre\">	</span>&lt;tr&gt;&lt;th&gt;年龄&lt;/th&gt;&lt;td&gt;26&lt;/td&gt;&lt;/tr&gt;</p>\r\n<p>&lt;/table&gt;</p>\r\n</div>\r\n<p>方法2：</p>\r\n<div class=\"shili\">\r\n<p>#test{border-spacing:1px;background:#ddd;}</p>\r\n<p>#test tr{background:#fff;}</p>\r\n<p>&lt;table id=\"test\" cellspacing=\"1\"&gt;</p>\r\n<p><span class=\"Apple-tab-span\" style=\"white-space:pre\">	</span>&lt;tr&gt;&lt;th&gt;姓名&lt;/th&gt;&lt;td&gt;Joy Du&lt;/td&gt;&lt;/tr&gt;</p>\r\n<p><span class=\"Apple-tab-span\" style=\"white-space:pre\">	</span>&lt;tr&gt;&lt;th&gt;年龄&lt;/th&gt;&lt;td&gt;26&lt;/td&gt;&lt;/tr&gt;</p>\r\n<p>&lt;/table&gt;</p>\r\n<p>/* IE7及更早浏览器不支持border-spacing属性，但是可以通过table的标签属性cellspacing来替代。*/</p>\r\n</div>\r\n<p><strong>14、如何让层在falsh上显示？</strong></p>\r\n<p class=\"shili\">&lt;param name=\"wmode\" value=\"transparent\" /&gt;</p>\r\n<p><strong>15、如何使用标准的方法在页面上插入flash？</strong></p>\r\n<div class=\"shili\">\r\n<p>&lt;object id=\"flash-show\" type=\"application/x-shockwave-flash\" data=\"*.swf\"&gt;</p>\r\n<p><span class=\"Apple-tab-span\" style=\"white-space:pre\">	</span>&lt;param name=\"movie\" value=\"*.swf\" /&gt;</p>\r\n<p><span class=\"Apple-tab-span\" style=\"white-space:pre\">	</span>&lt;param name=\"wmode\" value=\"transparent\" /&gt;</p>\r\n<p><span class=\"Apple-tab-span\" style=\"white-space:pre\">	</span>&lt;img src=\"*.jpg\" alt=\"用于不支持flash或屏蔽flash时显示\" /&gt;</p>\r\n<p>&lt;/object&gt;</p>\r\n<p>/* 至于flash的宽高可以在css里设置 */</p>\r\n</div><p align=\"center\" class=\"pageLink\"></p>  ', 'static/images/s5.jpg', '1494604800', 'my-blog', '6', '有时候会有这样的错觉：“某一人似曾相识、某一刻似曾经历”，这样奇特的感受大概你也有过。心理学称之为“即视现象”，是记忆中太多杂乱信息制造出的一种潜意识矛盾冲突。\r\n阳光下的影子，不再是你，秋天里的风，已经感觉不到你的气息，甚至让我有一种错觉，你是否来过，但在这里，始终找不到一丝你存在过的证据。');
INSERT INTO `pre_article` VALUES ('9', '某一人似曾相识、某一刻似曾经历', '\r\n<div class=\"shili\">\r\n<p><a href=\"/jstt/bj/2013-08-03/549.html\" target=\"_blank\"><strong><span style=\"color: rgb(0, 0, 0);\">html css 十一条网页设计经典实用的代码片段</span></strong></a></p>\r\n<p><a href=\"/jstt/bj/2013-06-06/85.html\" target=\"_blank\"><strong><span style=\"color: rgb(0, 0, 0);\">Div+CSS 规则整理 以及注意问题</span></strong></a></p>\r\n<p><a href=\"/jstt/bj/2013-06-06/88.html\" target=\"_blank\"><strong><span style=\"color: rgb(0, 0, 0);\">10条HTML代码编写技巧</span></strong></a></p>\r\n<p><a href=\"/jstt/bj/2013-06-06/90.html\" target=\"_blank\"><strong><span style=\"color: rgb(0, 0, 0);\">CSS常见的问题和技巧总结</span></strong></a></p>\r\n</div>\r\n<p><strong>1、如何清除图片下方出现几像素的空白间隙？</strong></p>\r\n<p class=\"shili\">方法1：img{display:block;} &nbsp;方法2： img{vertical-align:top;}</p>\r\n<p><strong>2、如何让文本垂直对齐文本输入框？</strong></p>\r\n<p class=\"shili\">input{vertical-align:middle;}</p>\r\n<p><strong>3、如何让单行文本在容器内垂直居中？</strong></p>\r\n<p class=\"shili\">#test{height:25px;line-height:25px;}</p>\r\n<p>/* 只需设置文本的行高等于容器的高度即可 */</p>\r\n<p><strong>4、如何让超链接访问后和访问前的颜色不同且访问后仍保留hover和active效果？</strong></p>\r\n<div class=\"shili\">\r\n<p>a:link{color:#03c;}</p>\r\n<p>a:visited{color:#666;}</p>\r\n<p>a:hover{color:#f30;}</p>\r\n<p>a:active{color:#c30;}</p>\r\n<p>/* 按L-V-H-A的顺序设置超链接样式即可，可速记为LoVe（喜欢）HAte（讨厌）*/</p>\r\n</div>\r\n<p><strong>5、如何使文本溢出边界不换行强制在一行内显示？</strong></p>\r\n<p class=\"shili\">#test{width:150px;white-space:nowrap;}</p>\r\n<p>/* 设置容器的宽度和white-space为nowrap即可，其效果类似&lt;nobr&gt;标签 */</p>\r\n<p><strong>6、如何使文本溢出边界显示为省略号？</strong></p>\r\n<p class=\"shili\">#test{width:150px;white-space:nowrap;overflow:hidden;text-overflow:ellipsis;}</p>\r\n<p>/* 首先需设置将文本强制在一行内显示，然后将溢出的文本通过overflow:hidden截断，并以text-overflow:ellipsis方式将截断的文本显示为省略号。 */</p>\r\n<p><strong>7、如何使连续的长字符串自动换行？</strong></p>\r\n<p class=\"shili\">#test{width:150px;word-wrap:break-word;}</p>\r\n<p>/* word-wrap的break-word值允许单词内换行 */</p>\r\n<p><strong>8、如何清除浮动？</strong></p>\r\n<p>方法1：</p>\r\n<p class=\"shili\">#test{clear:both;}</p>\r\n<p>/* #test为浮动元素的下一个兄弟元素 */</p>\r\n<p>方法2：</p>\r\n<p class=\"shili\">#test{display:block;zoom:1;overflow:hidden;}</p>\r\n<p>/* #test为浮动元素的父元素。zoom:1也可以替换为固定的width或height */</p>\r\n<p>方法3：</p>\r\n<div class=\"shili\">\r\n<p>#test{zoom:1;}</p>\r\n<p>#test:after{display:block;clear:both;visibility:hidden;height:0;content:\'\';}</p>\r\n<p>/* #test为浮动元素的父元素 */</p>\r\n</div>\r\n<p><strong>9、如何让未知尺寸的图片在已知宽高的容器内水平垂直居中？</strong></p>\r\n<div class=\"shili\">\r\n<p>#test{display:table-cell;*display:block;*position:relative;width:200px;height:200px;text-align:center;vertical-align:middle;}</p>\r\n<p>#test p{*position:absolute;*top:50%;*left:50%;margin:0;}</p>\r\n<p>#test p img{*position:relative;*top:-50%;*left:-50%;vertical-align:middle;}</p>\r\n<p>/* #test是img的祖父节点，p是img的父节点。Know More：未知尺寸的图片如何水平垂直居中 */</p>\r\n</div>\r\n<p><strong>10、如何设置span的宽度和高度（即如何设置内联元素的宽高）？</strong></p>\r\n<p class=\"shili\">span{display:block;width:200px;height:100px;}</p>\r\n<p>/* 要使内联元素可以设置宽高，只需将其定义为块级或者内联块级元素即可。所以方法非常多样，既可以设置display属性，也可以设置float属性，或者position属性等等。 */</p>\r\n<p><strong>11、如何去掉超链接的虚线框？</strong></p>\r\n<p class=\"shili\">a{outline:none;}</p>\r\n<p><strong>12、如何容器透明，内容不透明？</strong></p>\r\n<div class=\"shili\">\r\n<p>.outer{width:200px;height:200px;background:rgba(0,0,0,.2);background:#000\\9;filter:alpha(opacity=20)\\9;}</p>\r\n<p>.outer .inner{position:relative\\9;}<span class=\"Apple-tab-span\" style=\"white-space:pre\">					</span></p>\r\n<p>&lt;div class=\"outer\"&gt;</p>\r\n<p><span class=\"Apple-tab-span\" style=\"white-space:pre\">	</span>&lt;div class=\"inner\"&gt;我是不透明的内容&lt;/div&gt;</p>\r\n<p>&lt;/div&gt;</p>\r\n<p>/* 高级浏览器直接使用rgba颜色值实现；IE浏览器在定义容器透明的同时，让子节点相对定位，也可达到效果 */</p>\r\n</div>\r\n<p><strong>13、如何做1像素细边框的table？</strong></p>\r\n<p>方法1：</p>\r\n<div class=\"shili\">\r\n<p>#test{border-collapse:collapse;border:1px solid #ddd;}</p>\r\n<p>#test th,#test td{border:1px solid #ddd;}</p>\r\n<p>&lt;table id=\"test\"&gt;</p>\r\n<p><span class=\"Apple-tab-span\" style=\"white-space:pre\">	</span>&lt;tr&gt;&lt;th&gt;姓名&lt;/th&gt;&lt;td&gt;Joy Du&lt;/td&gt;&lt;/tr&gt;</p>\r\n<p><span class=\"Apple-tab-span\" style=\"white-space:pre\">	</span>&lt;tr&gt;&lt;th&gt;年龄&lt;/th&gt;&lt;td&gt;26&lt;/td&gt;&lt;/tr&gt;</p>\r\n<p>&lt;/table&gt;</p>\r\n</div>\r\n<p>方法2：</p>\r\n<div class=\"shili\">\r\n<p>#test{border-spacing:1px;background:#ddd;}</p>\r\n<p>#test tr{background:#fff;}</p>\r\n<p>&lt;table id=\"test\" cellspacing=\"1\"&gt;</p>\r\n<p><span class=\"Apple-tab-span\" style=\"white-space:pre\">	</span>&lt;tr&gt;&lt;th&gt;姓名&lt;/th&gt;&lt;td&gt;Joy Du&lt;/td&gt;&lt;/tr&gt;</p>\r\n<p><span class=\"Apple-tab-span\" style=\"white-space:pre\">	</span>&lt;tr&gt;&lt;th&gt;年龄&lt;/th&gt;&lt;td&gt;26&lt;/td&gt;&lt;/tr&gt;</p>\r\n<p>&lt;/table&gt;</p>\r\n<p>/* IE7及更早浏览器不支持border-spacing属性，但是可以通过table的标签属性cellspacing来替代。*/</p>\r\n</div>\r\n<p><strong>14、如何让层在falsh上显示？</strong></p>\r\n<p class=\"shili\">&lt;param name=\"wmode\" value=\"transparent\" /&gt;</p>\r\n<p><strong>15、如何使用标准的方法在页面上插入flash？</strong></p>\r\n<div class=\"shili\">\r\n<p>&lt;object id=\"flash-show\" type=\"application/x-shockwave-flash\" data=\"*.swf\"&gt;</p>\r\n<p><span class=\"Apple-tab-span\" style=\"white-space:pre\">	</span>&lt;param name=\"movie\" value=\"*.swf\" /&gt;</p>\r\n<p><span class=\"Apple-tab-span\" style=\"white-space:pre\">	</span>&lt;param name=\"wmode\" value=\"transparent\" /&gt;</p>\r\n<p><span class=\"Apple-tab-span\" style=\"white-space:pre\">	</span>&lt;img src=\"*.jpg\" alt=\"用于不支持flash或屏蔽flash时显示\" /&gt;</p>\r\n<p>&lt;/object&gt;</p>\r\n<p>/* 至于flash的宽高可以在css里设置 */</p>\r\n</div><p align=\"center\" class=\"pageLink\"></p>  ', 'static/images/s5.jpg', '1494604800', 'my-blog', '6', '有时候会有这样的错觉：“某一人似曾相识、某一刻似曾经历”，这样奇特的感受大概你也有过。心理学称之为“即视现象”，是记忆中太多杂乱信息制造出的一种潜意识矛盾冲突。\r\n阳光下的影子，不再是你，秋天里的风，已经感觉不到你的气息，甚至让我有一种错觉，你是否来过，但在这里，始终找不到一丝你存在过的证据。');
INSERT INTO `pre_article` VALUES ('10', '使用CSS3制作文字、图片倒影', '\r\n<div class=\"shili\">\r\n<p><a href=\"/jstt/bj/2013-08-03/549.html\" target=\"_blank\"><strong><span style=\"color: rgb(0, 0, 0);\">html css 十一条网页设计经典实用的代码片段</span></strong></a></p>\r\n<p><a href=\"/jstt/bj/2013-06-06/85.html\" target=\"_blank\"><strong><span style=\"color: rgb(0, 0, 0);\">Div+CSS 规则整理 以及注意问题</span></strong></a></p>\r\n<p><a href=\"/jstt/bj/2013-06-06/88.html\" target=\"_blank\"><strong><span style=\"color: rgb(0, 0, 0);\">10条HTML代码编写技巧</span></strong></a></p>\r\n<p><a href=\"/jstt/bj/2013-06-06/90.html\" target=\"_blank\"><strong><span style=\"color: rgb(0, 0, 0);\">CSS常见的问题和技巧总结</span></strong></a></p>\r\n</div>\r\n<p><strong>1、如何清除图片下方出现几像素的空白间隙？</strong></p>\r\n<p class=\"shili\">方法1：img{display:block;} &nbsp;方法2： img{vertical-align:top;}</p>\r\n<p><strong>2、如何让文本垂直对齐文本输入框？</strong></p>\r\n<p class=\"shili\">input{vertical-align:middle;}</p>\r\n<p><strong>3、如何让单行文本在容器内垂直居中？</strong></p>\r\n<p class=\"shili\">#test{height:25px;line-height:25px;}</p>\r\n<p>/* 只需设置文本的行高等于容器的高度即可 */</p>\r\n<p><strong>4、如何让超链接访问后和访问前的颜色不同且访问后仍保留hover和active效果？</strong></p>\r\n<div class=\"shili\">\r\n<p>a:link{color:#03c;}</p>\r\n<p>a:visited{color:#666;}</p>\r\n<p>a:hover{color:#f30;}</p>\r\n<p>a:active{color:#c30;}</p>\r\n<p>/* 按L-V-H-A的顺序设置超链接样式即可，可速记为LoVe（喜欢）HAte（讨厌）*/</p>\r\n</div>\r\n<p><strong>5、如何使文本溢出边界不换行强制在一行内显示？</strong></p>\r\n<p class=\"shili\">#test{width:150px;white-space:nowrap;}</p>\r\n<p>/* 设置容器的宽度和white-space为nowrap即可，其效果类似&lt;nobr&gt;标签 */</p>\r\n<p><strong>6、如何使文本溢出边界显示为省略号？</strong></p>\r\n<p class=\"shili\">#test{width:150px;white-space:nowrap;overflow:hidden;text-overflow:ellipsis;}</p>\r\n<p>/* 首先需设置将文本强制在一行内显示，然后将溢出的文本通过overflow:hidden截断，并以text-overflow:ellipsis方式将截断的文本显示为省略号。 */</p>\r\n<p><strong>7、如何使连续的长字符串自动换行？</strong></p>\r\n<p class=\"shili\">#test{width:150px;word-wrap:break-word;}</p>\r\n<p>/* word-wrap的break-word值允许单词内换行 */</p>\r\n<p><strong>8、如何清除浮动？</strong></p>\r\n<p>方法1：</p>\r\n<p class=\"shili\">#test{clear:both;}</p>\r\n<p>/* #test为浮动元素的下一个兄弟元素 */</p>\r\n<p>方法2：</p>\r\n<p class=\"shili\">#test{display:block;zoom:1;overflow:hidden;}</p>\r\n<p>/* #test为浮动元素的父元素。zoom:1也可以替换为固定的width或height */</p>\r\n<p>方法3：</p>\r\n<div class=\"shili\">\r\n<p>#test{zoom:1;}</p>\r\n<p>#test:after{display:block;clear:both;visibility:hidden;height:0;content:\'\';}</p>\r\n<p>/* #test为浮动元素的父元素 */</p>\r\n</div>\r\n<p><strong>9、如何让未知尺寸的图片在已知宽高的容器内水平垂直居中？</strong></p>\r\n<div class=\"shili\">\r\n<p>#test{display:table-cell;*display:block;*position:relative;width:200px;height:200px;text-align:center;vertical-align:middle;}</p>\r\n<p>#test p{*position:absolute;*top:50%;*left:50%;margin:0;}</p>\r\n<p>#test p img{*position:relative;*top:-50%;*left:-50%;vertical-align:middle;}</p>\r\n<p>/* #test是img的祖父节点，p是img的父节点。Know More：未知尺寸的图片如何水平垂直居中 */</p>\r\n</div>\r\n<p><strong>10、如何设置span的宽度和高度（即如何设置内联元素的宽高）？</strong></p>\r\n<p class=\"shili\">span{display:block;width:200px;height:100px;}</p>\r\n<p>/* 要使内联元素可以设置宽高，只需将其定义为块级或者内联块级元素即可。所以方法非常多样，既可以设置display属性，也可以设置float属性，或者position属性等等。 */</p>\r\n<p><strong>11、如何去掉超链接的虚线框？</strong></p>\r\n<p class=\"shili\">a{outline:none;}</p>\r\n<p><strong>12、如何容器透明，内容不透明？</strong></p>\r\n<div class=\"shili\">\r\n<p>.outer{width:200px;height:200px;background:rgba(0,0,0,.2);background:#000\\9;filter:alpha(opacity=20)\\9;}</p>\r\n<p>.outer .inner{position:relative\\9;}<span class=\"Apple-tab-span\" style=\"white-space:pre\">					</span></p>\r\n<p>&lt;div class=\"outer\"&gt;</p>\r\n<p><span class=\"Apple-tab-span\" style=\"white-space:pre\">	</span>&lt;div class=\"inner\"&gt;我是不透明的内容&lt;/div&gt;</p>\r\n<p>&lt;/div&gt;</p>\r\n<p>/* 高级浏览器直接使用rgba颜色值实现；IE浏览器在定义容器透明的同时，让子节点相对定位，也可达到效果 */</p>\r\n</div>\r\n<p><strong>13、如何做1像素细边框的table？</strong></p>\r\n<p>方法1：</p>\r\n<div class=\"shili\">\r\n<p>#test{border-collapse:collapse;border:1px solid #ddd;}</p>\r\n<p>#test th,#test td{border:1px solid #ddd;}</p>\r\n<p>&lt;table id=\"test\"&gt;</p>\r\n<p><span class=\"Apple-tab-span\" style=\"white-space:pre\">	</span>&lt;tr&gt;&lt;th&gt;姓名&lt;/th&gt;&lt;td&gt;Joy Du&lt;/td&gt;&lt;/tr&gt;</p>\r\n<p><span class=\"Apple-tab-span\" style=\"white-space:pre\">	</span>&lt;tr&gt;&lt;th&gt;年龄&lt;/th&gt;&lt;td&gt;26&lt;/td&gt;&lt;/tr&gt;</p>\r\n<p>&lt;/table&gt;</p>\r\n</div>\r\n<p>方法2：</p>\r\n<div class=\"shili\">\r\n<p>#test{border-spacing:1px;background:#ddd;}</p>\r\n<p>#test tr{background:#fff;}</p>\r\n<p>&lt;table id=\"test\" cellspacing=\"1\"&gt;</p>\r\n<p><span class=\"Apple-tab-span\" style=\"white-space:pre\">	</span>&lt;tr&gt;&lt;th&gt;姓名&lt;/th&gt;&lt;td&gt;Joy Du&lt;/td&gt;&lt;/tr&gt;</p>\r\n<p><span class=\"Apple-tab-span\" style=\"white-space:pre\">	</span>&lt;tr&gt;&lt;th&gt;年龄&lt;/th&gt;&lt;td&gt;26&lt;/td&gt;&lt;/tr&gt;</p>\r\n<p>&lt;/table&gt;</p>\r\n<p>/* IE7及更早浏览器不支持border-spacing属性，但是可以通过table的标签属性cellspacing来替代。*/</p>\r\n</div>\r\n<p><strong>14、如何让层在falsh上显示？</strong></p>\r\n<p class=\"shili\">&lt;param name=\"wmode\" value=\"transparent\" /&gt;</p>\r\n<p><strong>15、如何使用标准的方法在页面上插入flash？</strong></p>\r\n<div class=\"shili\">\r\n<p>&lt;object id=\"flash-show\" type=\"application/x-shockwave-flash\" data=\"*.swf\"&gt;</p>\r\n<p><span class=\"Apple-tab-span\" style=\"white-space:pre\">	</span>&lt;param name=\"movie\" value=\"*.swf\" /&gt;</p>\r\n<p><span class=\"Apple-tab-span\" style=\"white-space:pre\">	</span>&lt;param name=\"wmode\" value=\"transparent\" /&gt;</p>\r\n<p><span class=\"Apple-tab-span\" style=\"white-space:pre\">	</span>&lt;img src=\"*.jpg\" alt=\"用于不支持flash或屏蔽flash时显示\" /&gt;</p>\r\n<p>&lt;/object&gt;</p>\r\n<p>/* 至于flash的宽高可以在css里设置 */</p>\r\n</div><p align=\"center\" class=\"pageLink\"></p>  ', 'static/images/s5.jpg', '1494604800', 'my-blog', '2', 'CSS3制作文字、图片倒影需要涉及到使用CSS3.0新属性之box-reflect。box-reflect属性目前仅在Chrome、Safari和Opera浏览器下支持，但这并不影响我们来学习这个属性的应用。');
INSERT INTO `pre_article` VALUES ('11', 'css技巧以及经验总结', '\r\n<div class=\"shili\">\r\n<p><a href=\"/jstt/bj/2013-08-03/549.html\" target=\"_blank\"><strong><span style=\"color: rgb(0, 0, 0);\">html css 十一条网页设计经典实用的代码片段</span></strong></a></p>\r\n<p><a href=\"/jstt/bj/2013-06-06/85.html\" target=\"_blank\"><strong><span style=\"color: rgb(0, 0, 0);\">Div+CSS 规则整理 以及注意问题</span></strong></a></p>\r\n<p><a href=\"/jstt/bj/2013-06-06/88.html\" target=\"_blank\"><strong><span style=\"color: rgb(0, 0, 0);\">10条HTML代码编写技巧</span></strong></a></p>\r\n<p><a href=\"/jstt/bj/2013-06-06/90.html\" target=\"_blank\"><strong><span style=\"color: rgb(0, 0, 0);\">CSS常见的问题和技巧总结</span></strong></a></p>\r\n</div>\r\n<p><strong>1、如何清除图片下方出现几像素的空白间隙？</strong></p>\r\n<p class=\"shili\">方法1：img{display:block;} &nbsp;方法2： img{vertical-align:top;}</p>\r\n<p><strong>2、如何让文本垂直对齐文本输入框？</strong></p>\r\n<p class=\"shili\">input{vertical-align:middle;}</p>\r\n<p><strong>3、如何让单行文本在容器内垂直居中？</strong></p>\r\n<p class=\"shili\">#test{height:25px;line-height:25px;}</p>\r\n<p>/* 只需设置文本的行高等于容器的高度即可 */</p>\r\n<p><strong>4、如何让超链接访问后和访问前的颜色不同且访问后仍保留hover和active效果？</strong></p>\r\n<div class=\"shili\">\r\n<p>a:link{color:#03c;}</p>\r\n<p>a:visited{color:#666;}</p>\r\n<p>a:hover{color:#f30;}</p>\r\n<p>a:active{color:#c30;}</p>\r\n<p>/* 按L-V-H-A的顺序设置超链接样式即可，可速记为LoVe（喜欢）HAte（讨厌）*/</p>\r\n</div>\r\n<p><strong>5、如何使文本溢出边界不换行强制在一行内显示？</strong></p>\r\n<p class=\"shili\">#test{width:150px;white-space:nowrap;}</p>\r\n<p>/* 设置容器的宽度和white-space为nowrap即可，其效果类似&lt;nobr&gt;标签 */</p>\r\n<p><strong>6、如何使文本溢出边界显示为省略号？</strong></p>\r\n<p class=\"shili\">#test{width:150px;white-space:nowrap;overflow:hidden;text-overflow:ellipsis;}</p>\r\n<p>/* 首先需设置将文本强制在一行内显示，然后将溢出的文本通过overflow:hidden截断，并以text-overflow:ellipsis方式将截断的文本显示为省略号。 */</p>\r\n<p><strong>7、如何使连续的长字符串自动换行？</strong></p>\r\n<p class=\"shili\">#test{width:150px;word-wrap:break-word;}</p>\r\n<p>/* word-wrap的break-word值允许单词内换行 */</p>\r\n<p><strong>8、如何清除浮动？</strong></p>\r\n<p>方法1：</p>\r\n<p class=\"shili\">#test{clear:both;}</p>\r\n<p>/* #test为浮动元素的下一个兄弟元素 */</p>\r\n<p>方法2：</p>\r\n<p class=\"shili\">#test{display:block;zoom:1;overflow:hidden;}</p>\r\n<p>/* #test为浮动元素的父元素。zoom:1也可以替换为固定的width或height */</p>\r\n<p>方法3：</p>\r\n<div class=\"shili\">\r\n<p>#test{zoom:1;}</p>\r\n<p>#test:after{display:block;clear:both;visibility:hidden;height:0;content:\'\';}</p>\r\n<p>/* #test为浮动元素的父元素 */</p>\r\n</div>\r\n<p><strong>9、如何让未知尺寸的图片在已知宽高的容器内水平垂直居中？</strong></p>\r\n<div class=\"shili\">\r\n<p>#test{display:table-cell;*display:block;*position:relative;width:200px;height:200px;text-align:center;vertical-align:middle;}</p>\r\n<p>#test p{*position:absolute;*top:50%;*left:50%;margin:0;}</p>\r\n<p>#test p img{*position:relative;*top:-50%;*left:-50%;vertical-align:middle;}</p>\r\n<p>/* #test是img的祖父节点，p是img的父节点。Know More：未知尺寸的图片如何水平垂直居中 */</p>\r\n</div>\r\n<p><strong>10、如何设置span的宽度和高度（即如何设置内联元素的宽高）？</strong></p>\r\n<p class=\"shili\">span{display:block;width:200px;height:100px;}</p>\r\n<p>/* 要使内联元素可以设置宽高，只需将其定义为块级或者内联块级元素即可。所以方法非常多样，既可以设置display属性，也可以设置float属性，或者position属性等等。 */</p>\r\n<p><strong>11、如何去掉超链接的虚线框？</strong></p>\r\n<p class=\"shili\">a{outline:none;}</p>\r\n<p><strong>12、如何容器透明，内容不透明？</strong></p>\r\n<div class=\"shili\">\r\n<p>.outer{width:200px;height:200px;background:rgba(0,0,0,.2);background:#000\\9;filter:alpha(opacity=20)\\9;}</p>\r\n<p>.outer .inner{position:relative\\9;}<span class=\"Apple-tab-span\" style=\"white-space:pre\">					</span></p>\r\n<p>&lt;div class=\"outer\"&gt;</p>\r\n<p><span class=\"Apple-tab-span\" style=\"white-space:pre\">	</span>&lt;div class=\"inner\"&gt;我是不透明的内容&lt;/div&gt;</p>\r\n<p>&lt;/div&gt;</p>\r\n<p>/* 高级浏览器直接使用rgba颜色值实现；IE浏览器在定义容器透明的同时，让子节点相对定位，也可达到效果 */</p>\r\n</div>\r\n<p><strong>13、如何做1像素细边框的table？</strong></p>\r\n<p>方法1：</p>\r\n<div class=\"shili\">\r\n<p>#test{border-collapse:collapse;border:1px solid #ddd;}</p>\r\n<p>#test th,#test td{border:1px solid #ddd;}</p>\r\n<p>&lt;table id=\"test\"&gt;</p>\r\n<p><span class=\"Apple-tab-span\" style=\"white-space:pre\">	</span>&lt;tr&gt;&lt;th&gt;姓名&lt;/th&gt;&lt;td&gt;Joy Du&lt;/td&gt;&lt;/tr&gt;</p>\r\n<p><span class=\"Apple-tab-span\" style=\"white-space:pre\">	</span>&lt;tr&gt;&lt;th&gt;年龄&lt;/th&gt;&lt;td&gt;26&lt;/td&gt;&lt;/tr&gt;</p>\r\n<p>&lt;/table&gt;</p>\r\n</div>\r\n<p>方法2：</p>\r\n<div class=\"shili\">\r\n<p>#test{border-spacing:1px;background:#ddd;}</p>\r\n<p>#test tr{background:#fff;}</p>\r\n<p>&lt;table id=\"test\" cellspacing=\"1\"&gt;</p>\r\n<p><span class=\"Apple-tab-span\" style=\"white-space:pre\">	</span>&lt;tr&gt;&lt;th&gt;姓名&lt;/th&gt;&lt;td&gt;Joy Du&lt;/td&gt;&lt;/tr&gt;</p>\r\n<p><span class=\"Apple-tab-span\" style=\"white-space:pre\">	</span>&lt;tr&gt;&lt;th&gt;年龄&lt;/th&gt;&lt;td&gt;26&lt;/td&gt;&lt;/tr&gt;</p>\r\n<p>&lt;/table&gt;</p>\r\n<p>/* IE7及更早浏览器不支持border-spacing属性，但是可以通过table的标签属性cellspacing来替代。*/</p>\r\n</div>\r\n<p><strong>14、如何让层在falsh上显示？</strong></p>\r\n<p class=\"shili\">&lt;param name=\"wmode\" value=\"transparent\" /&gt;</p>\r\n<p><strong>15、如何使用标准的方法在页面上插入flash？</strong></p>\r\n<div class=\"shili\">\r\n<p>&lt;object id=\"flash-show\" type=\"application/x-shockwave-flash\" data=\"*.swf\"&gt;</p>\r\n<p><span class=\"Apple-tab-span\" style=\"white-space:pre\">	</span>&lt;param name=\"movie\" value=\"*.swf\" /&gt;</p>\r\n<p><span class=\"Apple-tab-span\" style=\"white-space:pre\">	</span>&lt;param name=\"wmode\" value=\"transparent\" /&gt;</p>\r\n<p><span class=\"Apple-tab-span\" style=\"white-space:pre\">	</span>&lt;img src=\"*.jpg\" alt=\"用于不支持flash或屏蔽flash时显示\" /&gt;</p>\r\n<p>&lt;/object&gt;</p>\r\n<p>/* 至于flash的宽高可以在css里设置 */</p>\r\n</div><p align=\"center\" class=\"pageLink\"></p>  ', 'static/images/biji.jpg', '1494604800', 'my-blog', '5', '1、如何清除图片下方出现几像素的空白间隙？2、如何让文本垂直对齐文本输入框？3、如何让单行文本在容器内垂直居中？4、如何让超链接访问后和访问前的颜色不同且访问后仍保留hover和active效果？\r\n');
INSERT INTO `pre_article` VALUES ('12', '使用CSS3制作文字、图片倒影', '\r\n<div class=\"shili\">\r\n<p><a href=\"/jstt/bj/2013-08-03/549.html\" target=\"_blank\"><strong><span style=\"color: rgb(0, 0, 0);\">html css 十一条网页设计经典实用的代码片段</span></strong></a></p>\r\n<p><a href=\"/jstt/bj/2013-06-06/85.html\" target=\"_blank\"><strong><span style=\"color: rgb(0, 0, 0);\">Div+CSS 规则整理 以及注意问题</span></strong></a></p>\r\n<p><a href=\"/jstt/bj/2013-06-06/88.html\" target=\"_blank\"><strong><span style=\"color: rgb(0, 0, 0);\">10条HTML代码编写技巧</span></strong></a></p>\r\n<p><a href=\"/jstt/bj/2013-06-06/90.html\" target=\"_blank\"><strong><span style=\"color: rgb(0, 0, 0);\">CSS常见的问题和技巧总结</span></strong></a></p>\r\n</div>\r\n<p><strong>1、如何清除图片下方出现几像素的空白间隙？</strong></p>\r\n<p class=\"shili\">方法1：img{display:block;} &nbsp;方法2： img{vertical-align:top;}</p>\r\n<p><strong>2、如何让文本垂直对齐文本输入框？</strong></p>\r\n<p class=\"shili\">input{vertical-align:middle;}</p>\r\n<p><strong>3、如何让单行文本在容器内垂直居中？</strong></p>\r\n<p class=\"shili\">#test{height:25px;line-height:25px;}</p>\r\n<p>/* 只需设置文本的行高等于容器的高度即可 */</p>\r\n<p><strong>4、如何让超链接访问后和访问前的颜色不同且访问后仍保留hover和active效果？</strong></p>\r\n<div class=\"shili\">\r\n<p>a:link{color:#03c;}</p>\r\n<p>a:visited{color:#666;}</p>\r\n<p>a:hover{color:#f30;}</p>\r\n<p>a:active{color:#c30;}</p>\r\n<p>/* 按L-V-H-A的顺序设置超链接样式即可，可速记为LoVe（喜欢）HAte（讨厌）*/</p>\r\n</div>\r\n<p><strong>5、如何使文本溢出边界不换行强制在一行内显示？</strong></p>\r\n<p class=\"shili\">#test{width:150px;white-space:nowrap;}</p>\r\n<p>/* 设置容器的宽度和white-space为nowrap即可，其效果类似&lt;nobr&gt;标签 */</p>\r\n<p><strong>6、如何使文本溢出边界显示为省略号？</strong></p>\r\n<p class=\"shili\">#test{width:150px;white-space:nowrap;overflow:hidden;text-overflow:ellipsis;}</p>\r\n<p>/* 首先需设置将文本强制在一行内显示，然后将溢出的文本通过overflow:hidden截断，并以text-overflow:ellipsis方式将截断的文本显示为省略号。 */</p>\r\n<p><strong>7、如何使连续的长字符串自动换行？</strong></p>\r\n<p class=\"shili\">#test{width:150px;word-wrap:break-word;}</p>\r\n<p>/* word-wrap的break-word值允许单词内换行 */</p>\r\n<p><strong>8、如何清除浮动？</strong></p>\r\n<p>方法1：</p>\r\n<p class=\"shili\">#test{clear:both;}</p>\r\n<p>/* #test为浮动元素的下一个兄弟元素 */</p>\r\n<p>方法2：</p>\r\n<p class=\"shili\">#test{display:block;zoom:1;overflow:hidden;}</p>\r\n<p>/* #test为浮动元素的父元素。zoom:1也可以替换为固定的width或height */</p>\r\n<p>方法3：</p>\r\n<div class=\"shili\">\r\n<p>#test{zoom:1;}</p>\r\n<p>#test:after{display:block;clear:both;visibility:hidden;height:0;content:\'\';}</p>\r\n<p>/* #test为浮动元素的父元素 */</p>\r\n</div>\r\n<p><strong>9、如何让未知尺寸的图片在已知宽高的容器内水平垂直居中？</strong></p>\r\n<div class=\"shili\">\r\n<p>#test{display:table-cell;*display:block;*position:relative;width:200px;height:200px;text-align:center;vertical-align:middle;}</p>\r\n<p>#test p{*position:absolute;*top:50%;*left:50%;margin:0;}</p>\r\n<p>#test p img{*position:relative;*top:-50%;*left:-50%;vertical-align:middle;}</p>\r\n<p>/* #test是img的祖父节点，p是img的父节点。Know More：未知尺寸的图片如何水平垂直居中 */</p>\r\n</div>\r\n<p><strong>10、如何设置span的宽度和高度（即如何设置内联元素的宽高）？</strong></p>\r\n<p class=\"shili\">span{display:block;width:200px;height:100px;}</p>\r\n<p>/* 要使内联元素可以设置宽高，只需将其定义为块级或者内联块级元素即可。所以方法非常多样，既可以设置display属性，也可以设置float属性，或者position属性等等。 */</p>\r\n<p><strong>11、如何去掉超链接的虚线框？</strong></p>\r\n<p class=\"shili\">a{outline:none;}</p>\r\n<p><strong>12、如何容器透明，内容不透明？</strong></p>\r\n<div class=\"shili\">\r\n<p>.outer{width:200px;height:200px;background:rgba(0,0,0,.2);background:#000\\9;filter:alpha(opacity=20)\\9;}</p>\r\n<p>.outer .inner{position:relative\\9;}<span class=\"Apple-tab-span\" style=\"white-space:pre\">					</span></p>\r\n<p>&lt;div class=\"outer\"&gt;</p>\r\n<p><span class=\"Apple-tab-span\" style=\"white-space:pre\">	</span>&lt;div class=\"inner\"&gt;我是不透明的内容&lt;/div&gt;</p>\r\n<p>&lt;/div&gt;</p>\r\n<p>/* 高级浏览器直接使用rgba颜色值实现；IE浏览器在定义容器透明的同时，让子节点相对定位，也可达到效果 */</p>\r\n</div>\r\n<p><strong>13、如何做1像素细边框的table？</strong></p>\r\n<p>方法1：</p>\r\n<div class=\"shili\">\r\n<p>#test{border-collapse:collapse;border:1px solid #ddd;}</p>\r\n<p>#test th,#test td{border:1px solid #ddd;}</p>\r\n<p>&lt;table id=\"test\"&gt;</p>\r\n<p><span class=\"Apple-tab-span\" style=\"white-space:pre\">	</span>&lt;tr&gt;&lt;th&gt;姓名&lt;/th&gt;&lt;td&gt;Joy Du&lt;/td&gt;&lt;/tr&gt;</p>\r\n<p><span class=\"Apple-tab-span\" style=\"white-space:pre\">	</span>&lt;tr&gt;&lt;th&gt;年龄&lt;/th&gt;&lt;td&gt;26&lt;/td&gt;&lt;/tr&gt;</p>\r\n<p>&lt;/table&gt;</p>\r\n</div>\r\n<p>方法2：</p>\r\n<div class=\"shili\">\r\n<p>#test{border-spacing:1px;background:#ddd;}</p>\r\n<p>#test tr{background:#fff;}</p>\r\n<p>&lt;table id=\"test\" cellspacing=\"1\"&gt;</p>\r\n<p><span class=\"Apple-tab-span\" style=\"white-space:pre\">	</span>&lt;tr&gt;&lt;th&gt;姓名&lt;/th&gt;&lt;td&gt;Joy Du&lt;/td&gt;&lt;/tr&gt;</p>\r\n<p><span class=\"Apple-tab-span\" style=\"white-space:pre\">	</span>&lt;tr&gt;&lt;th&gt;年龄&lt;/th&gt;&lt;td&gt;26&lt;/td&gt;&lt;/tr&gt;</p>\r\n<p>&lt;/table&gt;</p>\r\n<p>/* IE7及更早浏览器不支持border-spacing属性，但是可以通过table的标签属性cellspacing来替代。*/</p>\r\n</div>\r\n<p><strong>14、如何让层在falsh上显示？</strong></p>\r\n<p class=\"shili\">&lt;param name=\"wmode\" value=\"transparent\" /&gt;</p>\r\n<p><strong>15、如何使用标准的方法在页面上插入flash？</strong></p>\r\n<div class=\"shili\">\r\n<p>&lt;object id=\"flash-show\" type=\"application/x-shockwave-flash\" data=\"*.swf\"&gt;</p>\r\n<p><span class=\"Apple-tab-span\" style=\"white-space:pre\">	</span>&lt;param name=\"movie\" value=\"*.swf\" /&gt;</p>\r\n<p><span class=\"Apple-tab-span\" style=\"white-space:pre\">	</span>&lt;param name=\"wmode\" value=\"transparent\" /&gt;</p>\r\n<p><span class=\"Apple-tab-span\" style=\"white-space:pre\">	</span>&lt;img src=\"*.jpg\" alt=\"用于不支持flash或屏蔽flash时显示\" /&gt;</p>\r\n<p>&lt;/object&gt;</p>\r\n<p>/* 至于flash的宽高可以在css里设置 */</p>\r\n</div><p align=\"center\" class=\"pageLink\"></p>  ', 'static/images/s5.jpg', '1494604800', 'my-blog', '2', 'CSS3制作文字、图片倒影需要涉及到使用CSS3.0新属性之box-reflect。box-reflect属性目前仅在Chrome、Safari和Opera浏览器下支持，但这并不影响我们来学习这个属性的应用。');
INSERT INTO `pre_article` VALUES ('13', '网站运营....网站运营......', '<p>网站运营....网站运营......</p>', 'static/images/s5.jpg', '1494604800', 'my-blog', '4', '网站运营网站运营......');
INSERT INTO `pre_article` VALUES ('14', '网站运营....网站运营......', '<p>网站运营....网站运营......</p>', 'static/images/s5.jpg', '1494604800', 'my-blog', '4', '网站运营网站运营......');
INSERT INTO `pre_article` VALUES ('15', '网站运营....网站运营......', '<p>网站运营....网站运营......</p>', 'static/images/s5.jpg', '1494604800', 'my-blog', '4', '网站运营网站运营......');
INSERT INTO `pre_article` VALUES ('16', '网站运营....网站运营......', '<p>网站运营....网站运营......</p>', 'static/images/s5.jpg', '1494604800', 'my-blog', '4', '网站运营网站运营......');
INSERT INTO `pre_article` VALUES ('17', '使用CSS3制作文字、图片倒影', '\r\n<div class=\"shili\">\r\n<p><a href=\"/jstt/bj/2013-08-03/549.html\" target=\"_blank\"><strong><span style=\"color: rgb(0, 0, 0);\">html css 十一条网页设计经典实用的代码片段</span></strong></a></p>\r\n<p><a href=\"/jstt/bj/2013-06-06/85.html\" target=\"_blank\"><strong><span style=\"color: rgb(0, 0, 0);\">Div+CSS 规则整理 以及注意问题</span></strong></a></p>\r\n<p><a href=\"/jstt/bj/2013-06-06/88.html\" target=\"_blank\"><strong><span style=\"color: rgb(0, 0, 0);\">10条HTML代码编写技巧</span></strong></a></p>\r\n<p><a href=\"/jstt/bj/2013-06-06/90.html\" target=\"_blank\"><strong><span style=\"color: rgb(0, 0, 0);\">CSS常见的问题和技巧总结</span></strong></a></p>\r\n</div>\r\n<p><strong>1、如何清除图片下方出现几像素的空白间隙？</strong></p>\r\n<p class=\"shili\">方法1：img{display:block;} &nbsp;方法2： img{vertical-align:top;}</p>\r\n<p><strong>2、如何让文本垂直对齐文本输入框？</strong></p>\r\n<p class=\"shili\">input{vertical-align:middle;}</p>\r\n<p><strong>3、如何让单行文本在容器内垂直居中？</strong></p>\r\n<p class=\"shili\">#test{height:25px;line-height:25px;}</p>\r\n<p>/* 只需设置文本的行高等于容器的高度即可 */</p>\r\n<p><strong>4、如何让超链接访问后和访问前的颜色不同且访问后仍保留hover和active效果？</strong></p>\r\n<div class=\"shili\">\r\n<p>a:link{color:#03c;}</p>\r\n<p>a:visited{color:#666;}</p>\r\n<p>a:hover{color:#f30;}</p>\r\n<p>a:active{color:#c30;}</p>\r\n<p>/* 按L-V-H-A的顺序设置超链接样式即可，可速记为LoVe（喜欢）HAte（讨厌）*/</p>\r\n</div>\r\n<p><strong>5、如何使文本溢出边界不换行强制在一行内显示？</strong></p>\r\n<p class=\"shili\">#test{width:150px;white-space:nowrap;}</p>\r\n<p>/* 设置容器的宽度和white-space为nowrap即可，其效果类似&lt;nobr&gt;标签 */</p>\r\n<p><strong>6、如何使文本溢出边界显示为省略号？</strong></p>\r\n<p class=\"shili\">#test{width:150px;white-space:nowrap;overflow:hidden;text-overflow:ellipsis;}</p>\r\n<p>/* 首先需设置将文本强制在一行内显示，然后将溢出的文本通过overflow:hidden截断，并以text-overflow:ellipsis方式将截断的文本显示为省略号。 */</p>\r\n<p><strong>7、如何使连续的长字符串自动换行？</strong></p>\r\n<p class=\"shili\">#test{width:150px;word-wrap:break-word;}</p>\r\n<p>/* word-wrap的break-word值允许单词内换行 */</p>\r\n<p><strong>8、如何清除浮动？</strong></p>\r\n<p>方法1：</p>\r\n<p class=\"shili\">#test{clear:both;}</p>\r\n<p>/* #test为浮动元素的下一个兄弟元素 */</p>\r\n<p>方法2：</p>\r\n<p class=\"shili\">#test{display:block;zoom:1;overflow:hidden;}</p>\r\n<p>/* #test为浮动元素的父元素。zoom:1也可以替换为固定的width或height */</p>\r\n<p>方法3：</p>\r\n<div class=\"shili\">\r\n<p>#test{zoom:1;}</p>\r\n<p>#test:after{display:block;clear:both;visibility:hidden;height:0;content:\'\';}</p>\r\n<p>/* #test为浮动元素的父元素 */</p>\r\n</div>\r\n<p><strong>9、如何让未知尺寸的图片在已知宽高的容器内水平垂直居中？</strong></p>\r\n<div class=\"shili\">\r\n<p>#test{display:table-cell;*display:block;*position:relative;width:200px;height:200px;text-align:center;vertical-align:middle;}</p>\r\n<p>#test p{*position:absolute;*top:50%;*left:50%;margin:0;}</p>\r\n<p>#test p img{*position:relative;*top:-50%;*left:-50%;vertical-align:middle;}</p>\r\n<p>/* #test是img的祖父节点，p是img的父节点。Know More：未知尺寸的图片如何水平垂直居中 */</p>\r\n</div>\r\n<p><strong>10、如何设置span的宽度和高度（即如何设置内联元素的宽高）？</strong></p>\r\n<p class=\"shili\">span{display:block;width:200px;height:100px;}</p>\r\n<p>/* 要使内联元素可以设置宽高，只需将其定义为块级或者内联块级元素即可。所以方法非常多样，既可以设置display属性，也可以设置float属性，或者position属性等等。 */</p>\r\n<p><strong>11、如何去掉超链接的虚线框？</strong></p>\r\n<p class=\"shili\">a{outline:none;}</p>\r\n<p><strong>12、如何容器透明，内容不透明？</strong></p>\r\n<div class=\"shili\">\r\n<p>.outer{width:200px;height:200px;background:rgba(0,0,0,.2);background:#000\\9;filter:alpha(opacity=20)\\9;}</p>\r\n<p>.outer .inner{position:relative\\9;}<span class=\"Apple-tab-span\" style=\"white-space:pre\">					</span></p>\r\n<p>&lt;div class=\"outer\"&gt;</p>\r\n<p><span class=\"Apple-tab-span\" style=\"white-space:pre\">	</span>&lt;div class=\"inner\"&gt;我是不透明的内容&lt;/div&gt;</p>\r\n<p>&lt;/div&gt;</p>\r\n<p>/* 高级浏览器直接使用rgba颜色值实现；IE浏览器在定义容器透明的同时，让子节点相对定位，也可达到效果 */</p>\r\n</div>\r\n<p><strong>13、如何做1像素细边框的table？</strong></p>\r\n<p>方法1：</p>\r\n<div class=\"shili\">\r\n<p>#test{border-collapse:collapse;border:1px solid #ddd;}</p>\r\n<p>#test th,#test td{border:1px solid #ddd;}</p>\r\n<p>&lt;table id=\"test\"&gt;</p>\r\n<p><span class=\"Apple-tab-span\" style=\"white-space:pre\">	</span>&lt;tr&gt;&lt;th&gt;姓名&lt;/th&gt;&lt;td&gt;Joy Du&lt;/td&gt;&lt;/tr&gt;</p>\r\n<p><span class=\"Apple-tab-span\" style=\"white-space:pre\">	</span>&lt;tr&gt;&lt;th&gt;年龄&lt;/th&gt;&lt;td&gt;26&lt;/td&gt;&lt;/tr&gt;</p>\r\n<p>&lt;/table&gt;</p>\r\n</div>\r\n<p>方法2：</p>\r\n<div class=\"shili\">\r\n<p>#test{border-spacing:1px;background:#ddd;}</p>\r\n<p>#test tr{background:#fff;}</p>\r\n<p>&lt;table id=\"test\" cellspacing=\"1\"&gt;</p>\r\n<p><span class=\"Apple-tab-span\" style=\"white-space:pre\">	</span>&lt;tr&gt;&lt;th&gt;姓名&lt;/th&gt;&lt;td&gt;Joy Du&lt;/td&gt;&lt;/tr&gt;</p>\r\n<p><span class=\"Apple-tab-span\" style=\"white-space:pre\">	</span>&lt;tr&gt;&lt;th&gt;年龄&lt;/th&gt;&lt;td&gt;26&lt;/td&gt;&lt;/tr&gt;</p>\r\n<p>&lt;/table&gt;</p>\r\n<p>/* IE7及更早浏览器不支持border-spacing属性，但是可以通过table的标签属性cellspacing来替代。*/</p>\r\n</div>\r\n<p><strong>14、如何让层在falsh上显示？</strong></p>\r\n<p class=\"shili\">&lt;param name=\"wmode\" value=\"transparent\" /&gt;</p>\r\n<p><strong>15、如何使用标准的方法在页面上插入flash？</strong></p>\r\n<div class=\"shili\">\r\n<p>&lt;object id=\"flash-show\" type=\"application/x-shockwave-flash\" data=\"*.swf\"&gt;</p>\r\n<p><span class=\"Apple-tab-span\" style=\"white-space:pre\">	</span>&lt;param name=\"movie\" value=\"*.swf\" /&gt;</p>\r\n<p><span class=\"Apple-tab-span\" style=\"white-space:pre\">	</span>&lt;param name=\"wmode\" value=\"transparent\" /&gt;</p>\r\n<p><span class=\"Apple-tab-span\" style=\"white-space:pre\">	</span>&lt;img src=\"*.jpg\" alt=\"用于不支持flash或屏蔽flash时显示\" /&gt;</p>\r\n<p>&lt;/object&gt;</p>\r\n<p>/* 至于flash的宽高可以在css里设置 */</p>\r\n</div><p align=\"center\" class=\"pageLink\"></p>  ', 'static/images/web1.jpg', '1494604800', 'my-blog', '2', 'CSS3制作文字、图片倒影需要涉及到使用CSS3.0新属性之box-reflect。box-reflect属性目前仅在Chrome、Safari和Opera浏览器下支持，但这并不影响我们来学习这个属性的应用。');
INSERT INTO `pre_article` VALUES ('18', '使用CSS3制作文字、图片倒影', '\r\n<div class=\"shili\">\r\n<p><a href=\"/jstt/bj/2013-08-03/549.html\" target=\"_blank\"><strong><span style=\"color: rgb(0, 0, 0);\">html css 十一条网页设计经典实用的代码片段</span></strong></a></p>\r\n<p><a href=\"/jstt/bj/2013-06-06/85.html\" target=\"_blank\"><strong><span style=\"color: rgb(0, 0, 0);\">Div+CSS 规则整理 以及注意问题</span></strong></a></p>\r\n<p><a href=\"/jstt/bj/2013-06-06/88.html\" target=\"_blank\"><strong><span style=\"color: rgb(0, 0, 0);\">10条HTML代码编写技巧</span></strong></a></p>\r\n<p><a href=\"/jstt/bj/2013-06-06/90.html\" target=\"_blank\"><strong><span style=\"color: rgb(0, 0, 0);\">CSS常见的问题和技巧总结</span></strong></a></p>\r\n</div>\r\n<p><strong>1、如何清除图片下方出现几像素的空白间隙？</strong></p>\r\n<p class=\"shili\">方法1：img{display:block;} &nbsp;方法2： img{vertical-align:top;}</p>\r\n<p><strong>2、如何让文本垂直对齐文本输入框？</strong></p>\r\n<p class=\"shili\">input{vertical-align:middle;}</p>\r\n<p><strong>3、如何让单行文本在容器内垂直居中？</strong></p>\r\n<p class=\"shili\">#test{height:25px;line-height:25px;}</p>\r\n<p>/* 只需设置文本的行高等于容器的高度即可 */</p>\r\n<p><strong>4、如何让超链接访问后和访问前的颜色不同且访问后仍保留hover和active效果？</strong></p>\r\n<div class=\"shili\">\r\n<p>a:link{color:#03c;}</p>\r\n<p>a:visited{color:#666;}</p>\r\n<p>a:hover{color:#f30;}</p>\r\n<p>a:active{color:#c30;}</p>\r\n<p>/* 按L-V-H-A的顺序设置超链接样式即可，可速记为LoVe（喜欢）HAte（讨厌）*/</p>\r\n</div>\r\n<p><strong>5、如何使文本溢出边界不换行强制在一行内显示？</strong></p>\r\n<p class=\"shili\">#test{width:150px;white-space:nowrap;}</p>\r\n<p>/* 设置容器的宽度和white-space为nowrap即可，其效果类似&lt;nobr&gt;标签 */</p>\r\n<p><strong>6、如何使文本溢出边界显示为省略号？</strong></p>\r\n<p class=\"shili\">#test{width:150px;white-space:nowrap;overflow:hidden;text-overflow:ellipsis;}</p>\r\n<p>/* 首先需设置将文本强制在一行内显示，然后将溢出的文本通过overflow:hidden截断，并以text-overflow:ellipsis方式将截断的文本显示为省略号。 */</p>\r\n<p><strong>7、如何使连续的长字符串自动换行？</strong></p>\r\n<p class=\"shili\">#test{width:150px;word-wrap:break-word;}</p>\r\n<p>/* word-wrap的break-word值允许单词内换行 */</p>\r\n<p><strong>8、如何清除浮动？</strong></p>\r\n<p>方法1：</p>\r\n<p class=\"shili\">#test{clear:both;}</p>\r\n<p>/* #test为浮动元素的下一个兄弟元素 */</p>\r\n<p>方法2：</p>\r\n<p class=\"shili\">#test{display:block;zoom:1;overflow:hidden;}</p>\r\n<p>/* #test为浮动元素的父元素。zoom:1也可以替换为固定的width或height */</p>\r\n<p>方法3：</p>\r\n<div class=\"shili\">\r\n<p>#test{zoom:1;}</p>\r\n<p>#test:after{display:block;clear:both;visibility:hidden;height:0;content:\'\';}</p>\r\n<p>/* #test为浮动元素的父元素 */</p>\r\n</div>\r\n<p><strong>9、如何让未知尺寸的图片在已知宽高的容器内水平垂直居中？</strong></p>\r\n<div class=\"shili\">\r\n<p>#test{display:table-cell;*display:block;*position:relative;width:200px;height:200px;text-align:center;vertical-align:middle;}</p>\r\n<p>#test p{*position:absolute;*top:50%;*left:50%;margin:0;}</p>\r\n<p>#test p img{*position:relative;*top:-50%;*left:-50%;vertical-align:middle;}</p>\r\n<p>/* #test是img的祖父节点，p是img的父节点。Know More：未知尺寸的图片如何水平垂直居中 */</p>\r\n</div>\r\n<p><strong>10、如何设置span的宽度和高度（即如何设置内联元素的宽高）？</strong></p>\r\n<p class=\"shili\">span{display:block;width:200px;height:100px;}</p>\r\n<p>/* 要使内联元素可以设置宽高，只需将其定义为块级或者内联块级元素即可。所以方法非常多样，既可以设置display属性，也可以设置float属性，或者position属性等等。 */</p>\r\n<p><strong>11、如何去掉超链接的虚线框？</strong></p>\r\n<p class=\"shili\">a{outline:none;}</p>\r\n<p><strong>12、如何容器透明，内容不透明？</strong></p>\r\n<div class=\"shili\">\r\n<p>.outer{width:200px;height:200px;background:rgba(0,0,0,.2);background:#000\\9;filter:alpha(opacity=20)\\9;}</p>\r\n<p>.outer .inner{position:relative\\9;}<span class=\"Apple-tab-span\" style=\"white-space:pre\">					</span></p>\r\n<p>&lt;div class=\"outer\"&gt;</p>\r\n<p><span class=\"Apple-tab-span\" style=\"white-space:pre\">	</span>&lt;div class=\"inner\"&gt;我是不透明的内容&lt;/div&gt;</p>\r\n<p>&lt;/div&gt;</p>\r\n<p>/* 高级浏览器直接使用rgba颜色值实现；IE浏览器在定义容器透明的同时，让子节点相对定位，也可达到效果 */</p>\r\n</div>\r\n<p><strong>13、如何做1像素细边框的table？</strong></p>\r\n<p>方法1：</p>\r\n<div class=\"shili\">\r\n<p>#test{border-collapse:collapse;border:1px solid #ddd;}</p>\r\n<p>#test th,#test td{border:1px solid #ddd;}</p>\r\n<p>&lt;table id=\"test\"&gt;</p>\r\n<p><span class=\"Apple-tab-span\" style=\"white-space:pre\">	</span>&lt;tr&gt;&lt;th&gt;姓名&lt;/th&gt;&lt;td&gt;Joy Du&lt;/td&gt;&lt;/tr&gt;</p>\r\n<p><span class=\"Apple-tab-span\" style=\"white-space:pre\">	</span>&lt;tr&gt;&lt;th&gt;年龄&lt;/th&gt;&lt;td&gt;26&lt;/td&gt;&lt;/tr&gt;</p>\r\n<p>&lt;/table&gt;</p>\r\n</div>\r\n<p>方法2：</p>\r\n<div class=\"shili\">\r\n<p>#test{border-spacing:1px;background:#ddd;}</p>\r\n<p>#test tr{background:#fff;}</p>\r\n<p>&lt;table id=\"test\" cellspacing=\"1\"&gt;</p>\r\n<p><span class=\"Apple-tab-span\" style=\"white-space:pre\">	</span>&lt;tr&gt;&lt;th&gt;姓名&lt;/th&gt;&lt;td&gt;Joy Du&lt;/td&gt;&lt;/tr&gt;</p>\r\n<p><span class=\"Apple-tab-span\" style=\"white-space:pre\">	</span>&lt;tr&gt;&lt;th&gt;年龄&lt;/th&gt;&lt;td&gt;26&lt;/td&gt;&lt;/tr&gt;</p>\r\n<p>&lt;/table&gt;</p>\r\n<p>/* IE7及更早浏览器不支持border-spacing属性，但是可以通过table的标签属性cellspacing来替代。*/</p>\r\n</div>\r\n<p><strong>14、如何让层在falsh上显示？</strong></p>\r\n<p class=\"shili\">&lt;param name=\"wmode\" value=\"transparent\" /&gt;</p>\r\n<p><strong>15、如何使用标准的方法在页面上插入flash？</strong></p>\r\n<div class=\"shili\">\r\n<p>&lt;object id=\"flash-show\" type=\"application/x-shockwave-flash\" data=\"*.swf\"&gt;</p>\r\n<p><span class=\"Apple-tab-span\" style=\"white-space:pre\">	</span>&lt;param name=\"movie\" value=\"*.swf\" /&gt;</p>\r\n<p><span class=\"Apple-tab-span\" style=\"white-space:pre\">	</span>&lt;param name=\"wmode\" value=\"transparent\" /&gt;</p>\r\n<p><span class=\"Apple-tab-span\" style=\"white-space:pre\">	</span>&lt;img src=\"*.jpg\" alt=\"用于不支持flash或屏蔽flash时显示\" /&gt;</p>\r\n<p>&lt;/object&gt;</p>\r\n<p>/* 至于flash的宽高可以在css里设置 */</p>\r\n</div><p align=\"center\" class=\"pageLink\"></p>  ', 'static/images/web1.jpg', '1494604800', 'my-blog', '2', 'CSS3制作文字、图片倒影需要涉及到使用CSS3.0新属性之box-reflect。box-reflect属性目前仅在Chrome、Safari和Opera浏览器下支持，但这并不影响我们来学习这个属性的应用。');
INSERT INTO `pre_article` VALUES ('19', 'css技巧以及经验总结', '\r\n<div class=\"shili\">\r\n<p><a href=\"/jstt/bj/2013-08-03/549.html\" target=\"_blank\"><strong><span style=\"color: rgb(0, 0, 0);\">html css 十一条网页设计经典实用的代码片段</span></strong></a></p>\r\n<p><a href=\"/jstt/bj/2013-06-06/85.html\" target=\"_blank\"><strong><span style=\"color: rgb(0, 0, 0);\">Div+CSS 规则整理 以及注意问题</span></strong></a></p>\r\n<p><a href=\"/jstt/bj/2013-06-06/88.html\" target=\"_blank\"><strong><span style=\"color: rgb(0, 0, 0);\">10条HTML代码编写技巧</span></strong></a></p>\r\n<p><a href=\"/jstt/bj/2013-06-06/90.html\" target=\"_blank\"><strong><span style=\"color: rgb(0, 0, 0);\">CSS常见的问题和技巧总结</span></strong></a></p>\r\n</div>\r\n<p><strong>1、如何清除图片下方出现几像素的空白间隙？</strong></p>\r\n<p class=\"shili\">方法1：img{display:block;} &nbsp;方法2： img{vertical-align:top;}</p>\r\n<p><strong>2、如何让文本垂直对齐文本输入框？</strong></p>\r\n<p class=\"shili\">input{vertical-align:middle;}</p>\r\n<p><strong>3、如何让单行文本在容器内垂直居中？</strong></p>\r\n<p class=\"shili\">#test{height:25px;line-height:25px;}</p>\r\n<p>/* 只需设置文本的行高等于容器的高度即可 */</p>\r\n<p><strong>4、如何让超链接访问后和访问前的颜色不同且访问后仍保留hover和active效果？</strong></p>\r\n<div class=\"shili\">\r\n<p>a:link{color:#03c;}</p>\r\n<p>a:visited{color:#666;}</p>\r\n<p>a:hover{color:#f30;}</p>\r\n<p>a:active{color:#c30;}</p>\r\n<p>/* 按L-V-H-A的顺序设置超链接样式即可，可速记为LoVe（喜欢）HAte（讨厌）*/</p>\r\n</div>\r\n<p><strong>5、如何使文本溢出边界不换行强制在一行内显示？</strong></p>\r\n<p class=\"shili\">#test{width:150px;white-space:nowrap;}</p>\r\n<p>/* 设置容器的宽度和white-space为nowrap即可，其效果类似&lt;nobr&gt;标签 */</p>\r\n<p><strong>6、如何使文本溢出边界显示为省略号？</strong></p>\r\n<p class=\"shili\">#test{width:150px;white-space:nowrap;overflow:hidden;text-overflow:ellipsis;}</p>\r\n<p>/* 首先需设置将文本强制在一行内显示，然后将溢出的文本通过overflow:hidden截断，并以text-overflow:ellipsis方式将截断的文本显示为省略号。 */</p>\r\n<p><strong>7、如何使连续的长字符串自动换行？</strong></p>\r\n<p class=\"shili\">#test{width:150px;word-wrap:break-word;}</p>\r\n<p>/* word-wrap的break-word值允许单词内换行 */</p>\r\n<p><strong>8、如何清除浮动？</strong></p>\r\n<p>方法1：</p>\r\n<p class=\"shili\">#test{clear:both;}</p>\r\n<p>/* #test为浮动元素的下一个兄弟元素 */</p>\r\n<p>方法2：</p>\r\n<p class=\"shili\">#test{display:block;zoom:1;overflow:hidden;}</p>\r\n<p>/* #test为浮动元素的父元素。zoom:1也可以替换为固定的width或height */</p>\r\n<p>方法3：</p>\r\n<div class=\"shili\">\r\n<p>#test{zoom:1;}</p>\r\n<p>#test:after{display:block;clear:both;visibility:hidden;height:0;content:\'\';}</p>\r\n<p>/* #test为浮动元素的父元素 */</p>\r\n</div>\r\n<p><strong>9、如何让未知尺寸的图片在已知宽高的容器内水平垂直居中？</strong></p>\r\n<div class=\"shili\">\r\n<p>#test{display:table-cell;*display:block;*position:relative;width:200px;height:200px;text-align:center;vertical-align:middle;}</p>\r\n<p>#test p{*position:absolute;*top:50%;*left:50%;margin:0;}</p>\r\n<p>#test p img{*position:relative;*top:-50%;*left:-50%;vertical-align:middle;}</p>\r\n<p>/* #test是img的祖父节点，p是img的父节点。Know More：未知尺寸的图片如何水平垂直居中 */</p>\r\n</div>\r\n<p><strong>10、如何设置span的宽度和高度（即如何设置内联元素的宽高）？</strong></p>\r\n<p class=\"shili\">span{display:block;width:200px;height:100px;}</p>\r\n<p>/* 要使内联元素可以设置宽高，只需将其定义为块级或者内联块级元素即可。所以方法非常多样，既可以设置display属性，也可以设置float属性，或者position属性等等。 */</p>\r\n<p><strong>11、如何去掉超链接的虚线框？</strong></p>\r\n<p class=\"shili\">a{outline:none;}</p>\r\n<p><strong>12、如何容器透明，内容不透明？</strong></p>\r\n<div class=\"shili\">\r\n<p>.outer{width:200px;height:200px;background:rgba(0,0,0,.2);background:#000\\9;filter:alpha(opacity=20)\\9;}</p>\r\n<p>.outer .inner{position:relative\\9;}<span class=\"Apple-tab-span\" style=\"white-space:pre\">					</span></p>\r\n<p>&lt;div class=\"outer\"&gt;</p>\r\n<p><span class=\"Apple-tab-span\" style=\"white-space:pre\">	</span>&lt;div class=\"inner\"&gt;我是不透明的内容&lt;/div&gt;</p>\r\n<p>&lt;/div&gt;</p>\r\n<p>/* 高级浏览器直接使用rgba颜色值实现；IE浏览器在定义容器透明的同时，让子节点相对定位，也可达到效果 */</p>\r\n</div>\r\n<p><strong>13、如何做1像素细边框的table？</strong></p>\r\n<p>方法1：</p>\r\n<div class=\"shili\">\r\n<p>#test{border-collapse:collapse;border:1px solid #ddd;}</p>\r\n<p>#test th,#test td{border:1px solid #ddd;}</p>\r\n<p>&lt;table id=\"test\"&gt;</p>\r\n<p><span class=\"Apple-tab-span\" style=\"white-space:pre\">	</span>&lt;tr&gt;&lt;th&gt;姓名&lt;/th&gt;&lt;td&gt;Joy Du&lt;/td&gt;&lt;/tr&gt;</p>\r\n<p><span class=\"Apple-tab-span\" style=\"white-space:pre\">	</span>&lt;tr&gt;&lt;th&gt;年龄&lt;/th&gt;&lt;td&gt;26&lt;/td&gt;&lt;/tr&gt;</p>\r\n<p>&lt;/table&gt;</p>\r\n</div>\r\n<p>方法2：</p>\r\n<div class=\"shili\">\r\n<p>#test{border-spacing:1px;background:#ddd;}</p>\r\n<p>#test tr{background:#fff;}</p>\r\n<p>&lt;table id=\"test\" cellspacing=\"1\"&gt;</p>\r\n<p><span class=\"Apple-tab-span\" style=\"white-space:pre\">	</span>&lt;tr&gt;&lt;th&gt;姓名&lt;/th&gt;&lt;td&gt;Joy Du&lt;/td&gt;&lt;/tr&gt;</p>\r\n<p><span class=\"Apple-tab-span\" style=\"white-space:pre\">	</span>&lt;tr&gt;&lt;th&gt;年龄&lt;/th&gt;&lt;td&gt;26&lt;/td&gt;&lt;/tr&gt;</p>\r\n<p>&lt;/table&gt;</p>\r\n<p>/* IE7及更早浏览器不支持border-spacing属性，但是可以通过table的标签属性cellspacing来替代。*/</p>\r\n</div>\r\n<p><strong>14、如何让层在falsh上显示？</strong></p>\r\n<p class=\"shili\">&lt;param name=\"wmode\" value=\"transparent\" /&gt;</p>\r\n<p><strong>15、如何使用标准的方法在页面上插入flash？</strong></p>\r\n<div class=\"shili\">\r\n<p>&lt;object id=\"flash-show\" type=\"application/x-shockwave-flash\" data=\"*.swf\"&gt;</p>\r\n<p><span class=\"Apple-tab-span\" style=\"white-space:pre\">	</span>&lt;param name=\"movie\" value=\"*.swf\" /&gt;</p>\r\n<p><span class=\"Apple-tab-span\" style=\"white-space:pre\">	</span>&lt;param name=\"wmode\" value=\"transparent\" /&gt;</p>\r\n<p><span class=\"Apple-tab-span\" style=\"white-space:pre\">	</span>&lt;img src=\"*.jpg\" alt=\"用于不支持flash或屏蔽flash时显示\" /&gt;</p>\r\n<p>&lt;/object&gt;</p>\r\n<p>/* 至于flash的宽高可以在css里设置 */</p>\r\n</div><p align=\"center\" class=\"pageLink\"></p>  ', 'static/images/biji.jpg', '1494604800', 'my-blog', '5', '1、如何清除图片下方出现几像素的空白间隙？2、如何让文本垂直对齐文本输入框？3、如何让单行文本在容器内垂直居中？4、如何让超链接访问后和访问前的颜色不同且访问后仍保留hover和active效果？\r\n');
INSERT INTO `pre_article` VALUES ('20', 'css技巧以及经验总结', '\r\n<div class=\"shili\">\r\n<p><a href=\"/jstt/bj/2013-08-03/549.html\" target=\"_blank\"><strong><span style=\"color: rgb(0, 0, 0);\">html css 十一条网页设计经典实用的代码片段</span></strong></a></p>\r\n<p><a href=\"/jstt/bj/2013-06-06/85.html\" target=\"_blank\"><strong><span style=\"color: rgb(0, 0, 0);\">Div+CSS 规则整理 以及注意问题</span></strong></a></p>\r\n<p><a href=\"/jstt/bj/2013-06-06/88.html\" target=\"_blank\"><strong><span style=\"color: rgb(0, 0, 0);\">10条HTML代码编写技巧</span></strong></a></p>\r\n<p><a href=\"/jstt/bj/2013-06-06/90.html\" target=\"_blank\"><strong><span style=\"color: rgb(0, 0, 0);\">CSS常见的问题和技巧总结</span></strong></a></p>\r\n</div>\r\n<p><strong>1、如何清除图片下方出现几像素的空白间隙？</strong></p>\r\n<p class=\"shili\">方法1：img{display:block;} &nbsp;方法2： img{vertical-align:top;}</p>\r\n<p><strong>2、如何让文本垂直对齐文本输入框？</strong></p>\r\n<p class=\"shili\">input{vertical-align:middle;}</p>\r\n<p><strong>3、如何让单行文本在容器内垂直居中？</strong></p>\r\n<p class=\"shili\">#test{height:25px;line-height:25px;}</p>\r\n<p>/* 只需设置文本的行高等于容器的高度即可 */</p>\r\n<p><strong>4、如何让超链接访问后和访问前的颜色不同且访问后仍保留hover和active效果？</strong></p>\r\n<div class=\"shili\">\r\n<p>a:link{color:#03c;}</p>\r\n<p>a:visited{color:#666;}</p>\r\n<p>a:hover{color:#f30;}</p>\r\n<p>a:active{color:#c30;}</p>\r\n<p>/* 按L-V-H-A的顺序设置超链接样式即可，可速记为LoVe（喜欢）HAte（讨厌）*/</p>\r\n</div>\r\n<p><strong>5、如何使文本溢出边界不换行强制在一行内显示？</strong></p>\r\n<p class=\"shili\">#test{width:150px;white-space:nowrap;}</p>\r\n<p>/* 设置容器的宽度和white-space为nowrap即可，其效果类似&lt;nobr&gt;标签 */</p>\r\n<p><strong>6、如何使文本溢出边界显示为省略号？</strong></p>\r\n<p class=\"shili\">#test{width:150px;white-space:nowrap;overflow:hidden;text-overflow:ellipsis;}</p>\r\n<p>/* 首先需设置将文本强制在一行内显示，然后将溢出的文本通过overflow:hidden截断，并以text-overflow:ellipsis方式将截断的文本显示为省略号。 */</p>\r\n<p><strong>7、如何使连续的长字符串自动换行？</strong></p>\r\n<p class=\"shili\">#test{width:150px;word-wrap:break-word;}</p>\r\n<p>/* word-wrap的break-word值允许单词内换行 */</p>\r\n<p><strong>8、如何清除浮动？</strong></p>\r\n<p>方法1：</p>\r\n<p class=\"shili\">#test{clear:both;}</p>\r\n<p>/* #test为浮动元素的下一个兄弟元素 */</p>\r\n<p>方法2：</p>\r\n<p class=\"shili\">#test{display:block;zoom:1;overflow:hidden;}</p>\r\n<p>/* #test为浮动元素的父元素。zoom:1也可以替换为固定的width或height */</p>\r\n<p>方法3：</p>\r\n<div class=\"shili\">\r\n<p>#test{zoom:1;}</p>\r\n<p>#test:after{display:block;clear:both;visibility:hidden;height:0;content:\'\';}</p>\r\n<p>/* #test为浮动元素的父元素 */</p>\r\n</div>\r\n<p><strong>9、如何让未知尺寸的图片在已知宽高的容器内水平垂直居中？</strong></p>\r\n<div class=\"shili\">\r\n<p>#test{display:table-cell;*display:block;*position:relative;width:200px;height:200px;text-align:center;vertical-align:middle;}</p>\r\n<p>#test p{*position:absolute;*top:50%;*left:50%;margin:0;}</p>\r\n<p>#test p img{*position:relative;*top:-50%;*left:-50%;vertical-align:middle;}</p>\r\n<p>/* #test是img的祖父节点，p是img的父节点。Know More：未知尺寸的图片如何水平垂直居中 */</p>\r\n</div>\r\n<p><strong>10、如何设置span的宽度和高度（即如何设置内联元素的宽高）？</strong></p>\r\n<p class=\"shili\">span{display:block;width:200px;height:100px;}</p>\r\n<p>/* 要使内联元素可以设置宽高，只需将其定义为块级或者内联块级元素即可。所以方法非常多样，既可以设置display属性，也可以设置float属性，或者position属性等等。 */</p>\r\n<p><strong>11、如何去掉超链接的虚线框？</strong></p>\r\n<p class=\"shili\">a{outline:none;}</p>\r\n<p><strong>12、如何容器透明，内容不透明？</strong></p>\r\n<div class=\"shili\">\r\n<p>.outer{width:200px;height:200px;background:rgba(0,0,0,.2);background:#000\\9;filter:alpha(opacity=20)\\9;}</p>\r\n<p>.outer .inner{position:relative\\9;}<span class=\"Apple-tab-span\" style=\"white-space:pre\">					</span></p>\r\n<p>&lt;div class=\"outer\"&gt;</p>\r\n<p><span class=\"Apple-tab-span\" style=\"white-space:pre\">	</span>&lt;div class=\"inner\"&gt;我是不透明的内容&lt;/div&gt;</p>\r\n<p>&lt;/div&gt;</p>\r\n<p>/* 高级浏览器直接使用rgba颜色值实现；IE浏览器在定义容器透明的同时，让子节点相对定位，也可达到效果 */</p>\r\n</div>\r\n<p><strong>13、如何做1像素细边框的table？</strong></p>\r\n<p>方法1：</p>\r\n<div class=\"shili\">\r\n<p>#test{border-collapse:collapse;border:1px solid #ddd;}</p>\r\n<p>#test th,#test td{border:1px solid #ddd;}</p>\r\n<p>&lt;table id=\"test\"&gt;</p>\r\n<p><span class=\"Apple-tab-span\" style=\"white-space:pre\">	</span>&lt;tr&gt;&lt;th&gt;姓名&lt;/th&gt;&lt;td&gt;Joy Du&lt;/td&gt;&lt;/tr&gt;</p>\r\n<p><span class=\"Apple-tab-span\" style=\"white-space:pre\">	</span>&lt;tr&gt;&lt;th&gt;年龄&lt;/th&gt;&lt;td&gt;26&lt;/td&gt;&lt;/tr&gt;</p>\r\n<p>&lt;/table&gt;</p>\r\n</div>\r\n<p>方法2：</p>\r\n<div class=\"shili\">\r\n<p>#test{border-spacing:1px;background:#ddd;}</p>\r\n<p>#test tr{background:#fff;}</p>\r\n<p>&lt;table id=\"test\" cellspacing=\"1\"&gt;</p>\r\n<p><span class=\"Apple-tab-span\" style=\"white-space:pre\">	</span>&lt;tr&gt;&lt;th&gt;姓名&lt;/th&gt;&lt;td&gt;Joy Du&lt;/td&gt;&lt;/tr&gt;</p>\r\n<p><span class=\"Apple-tab-span\" style=\"white-space:pre\">	</span>&lt;tr&gt;&lt;th&gt;年龄&lt;/th&gt;&lt;td&gt;26&lt;/td&gt;&lt;/tr&gt;</p>\r\n<p>&lt;/table&gt;</p>\r\n<p>/* IE7及更早浏览器不支持border-spacing属性，但是可以通过table的标签属性cellspacing来替代。*/</p>\r\n</div>\r\n<p><strong>14、如何让层在falsh上显示？</strong></p>\r\n<p class=\"shili\">&lt;param name=\"wmode\" value=\"transparent\" /&gt;</p>\r\n<p><strong>15、如何使用标准的方法在页面上插入flash？</strong></p>\r\n<div class=\"shili\">\r\n<p>&lt;object id=\"flash-show\" type=\"application/x-shockwave-flash\" data=\"*.swf\"&gt;</p>\r\n<p><span class=\"Apple-tab-span\" style=\"white-space:pre\">	</span>&lt;param name=\"movie\" value=\"*.swf\" /&gt;</p>\r\n<p><span class=\"Apple-tab-span\" style=\"white-space:pre\">	</span>&lt;param name=\"wmode\" value=\"transparent\" /&gt;</p>\r\n<p><span class=\"Apple-tab-span\" style=\"white-space:pre\">	</span>&lt;img src=\"*.jpg\" alt=\"用于不支持flash或屏蔽flash时显示\" /&gt;</p>\r\n<p>&lt;/object&gt;</p>\r\n<p>/* 至于flash的宽高可以在css里设置 */</p>\r\n</div><p align=\"center\" class=\"pageLink\"></p>  ', 'static/images/biji.jpg', '1494604800', 'my-blog', '5', '1、如何清除图片下方出现几像素的空白间隙？2、如何让文本垂直对齐文本输入框？3、如何让单行文本在容器内垂直居中？4、如何让超链接访问后和访问前的颜色不同且访问后仍保留hover和active效果？\r\n');
INSERT INTO `pre_article` VALUES ('21', 'css技巧以及经验总结', '\r\n<div class=\"shili\">\r\n<p><a href=\"/jstt/bj/2013-08-03/549.html\" target=\"_blank\"><strong><span style=\"color: rgb(0, 0, 0);\">html css 十一条网页设计经典实用的代码片段</span></strong></a></p>\r\n<p><a href=\"/jstt/bj/2013-06-06/85.html\" target=\"_blank\"><strong><span style=\"color: rgb(0, 0, 0);\">Div+CSS 规则整理 以及注意问题</span></strong></a></p>\r\n<p><a href=\"/jstt/bj/2013-06-06/88.html\" target=\"_blank\"><strong><span style=\"color: rgb(0, 0, 0);\">10条HTML代码编写技巧</span></strong></a></p>\r\n<p><a href=\"/jstt/bj/2013-06-06/90.html\" target=\"_blank\"><strong><span style=\"color: rgb(0, 0, 0);\">CSS常见的问题和技巧总结</span></strong></a></p>\r\n</div>\r\n<p><strong>1、如何清除图片下方出现几像素的空白间隙？</strong></p>\r\n<p class=\"shili\">方法1：img{display:block;} &nbsp;方法2： img{vertical-align:top;}</p>\r\n<p><strong>2、如何让文本垂直对齐文本输入框？</strong></p>\r\n<p class=\"shili\">input{vertical-align:middle;}</p>\r\n<p><strong>3、如何让单行文本在容器内垂直居中？</strong></p>\r\n<p class=\"shili\">#test{height:25px;line-height:25px;}</p>\r\n<p>/* 只需设置文本的行高等于容器的高度即可 */</p>\r\n<p><strong>4、如何让超链接访问后和访问前的颜色不同且访问后仍保留hover和active效果？</strong></p>\r\n<div class=\"shili\">\r\n<p>a:link{color:#03c;}</p>\r\n<p>a:visited{color:#666;}</p>\r\n<p>a:hover{color:#f30;}</p>\r\n<p>a:active{color:#c30;}</p>\r\n<p>/* 按L-V-H-A的顺序设置超链接样式即可，可速记为LoVe（喜欢）HAte（讨厌）*/</p>\r\n</div>\r\n<p><strong>5、如何使文本溢出边界不换行强制在一行内显示？</strong></p>\r\n<p class=\"shili\">#test{width:150px;white-space:nowrap;}</p>\r\n<p>/* 设置容器的宽度和white-space为nowrap即可，其效果类似&lt;nobr&gt;标签 */</p>\r\n<p><strong>6、如何使文本溢出边界显示为省略号？</strong></p>\r\n<p class=\"shili\">#test{width:150px;white-space:nowrap;overflow:hidden;text-overflow:ellipsis;}</p>\r\n<p>/* 首先需设置将文本强制在一行内显示，然后将溢出的文本通过overflow:hidden截断，并以text-overflow:ellipsis方式将截断的文本显示为省略号。 */</p>\r\n<p><strong>7、如何使连续的长字符串自动换行？</strong></p>\r\n<p class=\"shili\">#test{width:150px;word-wrap:break-word;}</p>\r\n<p>/* word-wrap的break-word值允许单词内换行 */</p>\r\n<p><strong>8、如何清除浮动？</strong></p>\r\n<p>方法1：</p>\r\n<p class=\"shili\">#test{clear:both;}</p>\r\n<p>/* #test为浮动元素的下一个兄弟元素 */</p>\r\n<p>方法2：</p>\r\n<p class=\"shili\">#test{display:block;zoom:1;overflow:hidden;}</p>\r\n<p>/* #test为浮动元素的父元素。zoom:1也可以替换为固定的width或height */</p>\r\n<p>方法3：</p>\r\n<div class=\"shili\">\r\n<p>#test{zoom:1;}</p>\r\n<p>#test:after{display:block;clear:both;visibility:hidden;height:0;content:\'\';}</p>\r\n<p>/* #test为浮动元素的父元素 */</p>\r\n</div>\r\n<p><strong>9、如何让未知尺寸的图片在已知宽高的容器内水平垂直居中？</strong></p>\r\n<div class=\"shili\">\r\n<p>#test{display:table-cell;*display:block;*position:relative;width:200px;height:200px;text-align:center;vertical-align:middle;}</p>\r\n<p>#test p{*position:absolute;*top:50%;*left:50%;margin:0;}</p>\r\n<p>#test p img{*position:relative;*top:-50%;*left:-50%;vertical-align:middle;}</p>\r\n<p>/* #test是img的祖父节点，p是img的父节点。Know More：未知尺寸的图片如何水平垂直居中 */</p>\r\n</div>\r\n<p><strong>10、如何设置span的宽度和高度（即如何设置内联元素的宽高）？</strong></p>\r\n<p class=\"shili\">span{display:block;width:200px;height:100px;}</p>\r\n<p>/* 要使内联元素可以设置宽高，只需将其定义为块级或者内联块级元素即可。所以方法非常多样，既可以设置display属性，也可以设置float属性，或者position属性等等。 */</p>\r\n<p><strong>11、如何去掉超链接的虚线框？</strong></p>\r\n<p class=\"shili\">a{outline:none;}</p>\r\n<p><strong>12、如何容器透明，内容不透明？</strong></p>\r\n<div class=\"shili\">\r\n<p>.outer{width:200px;height:200px;background:rgba(0,0,0,.2);background:#000\\9;filter:alpha(opacity=20)\\9;}</p>\r\n<p>.outer .inner{position:relative\\9;}<span class=\"Apple-tab-span\" style=\"white-space:pre\">					</span></p>\r\n<p>&lt;div class=\"outer\"&gt;</p>\r\n<p><span class=\"Apple-tab-span\" style=\"white-space:pre\">	</span>&lt;div class=\"inner\"&gt;我是不透明的内容&lt;/div&gt;</p>\r\n<p>&lt;/div&gt;</p>\r\n<p>/* 高级浏览器直接使用rgba颜色值实现；IE浏览器在定义容器透明的同时，让子节点相对定位，也可达到效果 */</p>\r\n</div>\r\n<p><strong>13、如何做1像素细边框的table？</strong></p>\r\n<p>方法1：</p>\r\n<div class=\"shili\">\r\n<p>#test{border-collapse:collapse;border:1px solid #ddd;}</p>\r\n<p>#test th,#test td{border:1px solid #ddd;}</p>\r\n<p>&lt;table id=\"test\"&gt;</p>\r\n<p><span class=\"Apple-tab-span\" style=\"white-space:pre\">	</span>&lt;tr&gt;&lt;th&gt;姓名&lt;/th&gt;&lt;td&gt;Joy Du&lt;/td&gt;&lt;/tr&gt;</p>\r\n<p><span class=\"Apple-tab-span\" style=\"white-space:pre\">	</span>&lt;tr&gt;&lt;th&gt;年龄&lt;/th&gt;&lt;td&gt;26&lt;/td&gt;&lt;/tr&gt;</p>\r\n<p>&lt;/table&gt;</p>\r\n</div>\r\n<p>方法2：</p>\r\n<div class=\"shili\">\r\n<p>#test{border-spacing:1px;background:#ddd;}</p>\r\n<p>#test tr{background:#fff;}</p>\r\n<p>&lt;table id=\"test\" cellspacing=\"1\"&gt;</p>\r\n<p><span class=\"Apple-tab-span\" style=\"white-space:pre\">	</span>&lt;tr&gt;&lt;th&gt;姓名&lt;/th&gt;&lt;td&gt;Joy Du&lt;/td&gt;&lt;/tr&gt;</p>\r\n<p><span class=\"Apple-tab-span\" style=\"white-space:pre\">	</span>&lt;tr&gt;&lt;th&gt;年龄&lt;/th&gt;&lt;td&gt;26&lt;/td&gt;&lt;/tr&gt;</p>\r\n<p>&lt;/table&gt;</p>\r\n<p>/* IE7及更早浏览器不支持border-spacing属性，但是可以通过table的标签属性cellspacing来替代。*/</p>\r\n</div>\r\n<p><strong>14、如何让层在falsh上显示？</strong></p>\r\n<p class=\"shili\">&lt;param name=\"wmode\" value=\"transparent\" /&gt;</p>\r\n<p><strong>15、如何使用标准的方法在页面上插入flash？</strong></p>\r\n<div class=\"shili\">\r\n<p>&lt;object id=\"flash-show\" type=\"application/x-shockwave-flash\" data=\"*.swf\"&gt;</p>\r\n<p><span class=\"Apple-tab-span\" style=\"white-space:pre\">	</span>&lt;param name=\"movie\" value=\"*.swf\" /&gt;</p>\r\n<p><span class=\"Apple-tab-span\" style=\"white-space:pre\">	</span>&lt;param name=\"wmode\" value=\"transparent\" /&gt;</p>\r\n<p><span class=\"Apple-tab-span\" style=\"white-space:pre\">	</span>&lt;img src=\"*.jpg\" alt=\"用于不支持flash或屏蔽flash时显示\" /&gt;</p>\r\n<p>&lt;/object&gt;</p>\r\n<p>/* 至于flash的宽高可以在css里设置 */</p>\r\n</div><p align=\"center\" class=\"pageLink\"></p>  ', 'static/images/biji.jpg', '1494604800', 'my-blog', '5', '1、如何清除图片下方出现几像素的空白间隙？2、如何让文本垂直对齐文本输入框？3、如何让单行文本在容器内垂直居中？4、如何让超链接访问后和访问前的颜色不同且访问后仍保留hover和active效果？\r\n');
INSERT INTO `pre_article` VALUES ('22', '使用CSS3制作文字、图片倒影', '\r\n<div class=\"shili\">\r\n<p><a href=\"/jstt/bj/2013-08-03/549.html\" target=\"_blank\"><strong><span style=\"color: rgb(0, 0, 0);\">html css 十一条网页设计经典实用的代码片段</span></strong></a></p>\r\n<p><a href=\"/jstt/bj/2013-06-06/85.html\" target=\"_blank\"><strong><span style=\"color: rgb(0, 0, 0);\">Div+CSS 规则整理 以及注意问题</span></strong></a></p>\r\n<p><a href=\"/jstt/bj/2013-06-06/88.html\" target=\"_blank\"><strong><span style=\"color: rgb(0, 0, 0);\">10条HTML代码编写技巧</span></strong></a></p>\r\n<p><a href=\"/jstt/bj/2013-06-06/90.html\" target=\"_blank\"><strong><span style=\"color: rgb(0, 0, 0);\">CSS常见的问题和技巧总结</span></strong></a></p>\r\n</div>\r\n<p><strong>1、如何清除图片下方出现几像素的空白间隙？</strong></p>\r\n<p class=\"shili\">方法1：img{display:block;} &nbsp;方法2： img{vertical-align:top;}</p>\r\n<p><strong>2、如何让文本垂直对齐文本输入框？</strong></p>\r\n<p class=\"shili\">input{vertical-align:middle;}</p>\r\n<p><strong>3、如何让单行文本在容器内垂直居中？</strong></p>\r\n<p class=\"shili\">#test{height:25px;line-height:25px;}</p>\r\n<p>/* 只需设置文本的行高等于容器的高度即可 */</p>\r\n<p><strong>4、如何让超链接访问后和访问前的颜色不同且访问后仍保留hover和active效果？</strong></p>\r\n<div class=\"shili\">\r\n<p>a:link{color:#03c;}</p>\r\n<p>a:visited{color:#666;}</p>\r\n<p>a:hover{color:#f30;}</p>\r\n<p>a:active{color:#c30;}</p>\r\n<p>/* 按L-V-H-A的顺序设置超链接样式即可，可速记为LoVe（喜欢）HAte（讨厌）*/</p>\r\n</div>\r\n<p><strong>5、如何使文本溢出边界不换行强制在一行内显示？</strong></p>\r\n<p class=\"shili\">#test{width:150px;white-space:nowrap;}</p>\r\n<p>/* 设置容器的宽度和white-space为nowrap即可，其效果类似&lt;nobr&gt;标签 */</p>\r\n<p><strong>6、如何使文本溢出边界显示为省略号？</strong></p>\r\n<p class=\"shili\">#test{width:150px;white-space:nowrap;overflow:hidden;text-overflow:ellipsis;}</p>\r\n<p>/* 首先需设置将文本强制在一行内显示，然后将溢出的文本通过overflow:hidden截断，并以text-overflow:ellipsis方式将截断的文本显示为省略号。 */</p>\r\n<p><strong>7、如何使连续的长字符串自动换行？</strong></p>\r\n<p class=\"shili\">#test{width:150px;word-wrap:break-word;}</p>\r\n<p>/* word-wrap的break-word值允许单词内换行 */</p>\r\n<p><strong>8、如何清除浮动？</strong></p>\r\n<p>方法1：</p>\r\n<p class=\"shili\">#test{clear:both;}</p>\r\n<p>/* #test为浮动元素的下一个兄弟元素 */</p>\r\n<p>方法2：</p>\r\n<p class=\"shili\">#test{display:block;zoom:1;overflow:hidden;}</p>\r\n<p>/* #test为浮动元素的父元素。zoom:1也可以替换为固定的width或height */</p>\r\n<p>方法3：</p>\r\n<div class=\"shili\">\r\n<p>#test{zoom:1;}</p>\r\n<p>#test:after{display:block;clear:both;visibility:hidden;height:0;content:\'\';}</p>\r\n<p>/* #test为浮动元素的父元素 */</p>\r\n</div>\r\n<p><strong>9、如何让未知尺寸的图片在已知宽高的容器内水平垂直居中？</strong></p>\r\n<div class=\"shili\">\r\n<p>#test{display:table-cell;*display:block;*position:relative;width:200px;height:200px;text-align:center;vertical-align:middle;}</p>\r\n<p>#test p{*position:absolute;*top:50%;*left:50%;margin:0;}</p>\r\n<p>#test p img{*position:relative;*top:-50%;*left:-50%;vertical-align:middle;}</p>\r\n<p>/* #test是img的祖父节点，p是img的父节点。Know More：未知尺寸的图片如何水平垂直居中 */</p>\r\n</div>\r\n<p><strong>10、如何设置span的宽度和高度（即如何设置内联元素的宽高）？</strong></p>\r\n<p class=\"shili\">span{display:block;width:200px;height:100px;}</p>\r\n<p>/* 要使内联元素可以设置宽高，只需将其定义为块级或者内联块级元素即可。所以方法非常多样，既可以设置display属性，也可以设置float属性，或者position属性等等。 */</p>\r\n<p><strong>11、如何去掉超链接的虚线框？</strong></p>\r\n<p class=\"shili\">a{outline:none;}</p>\r\n<p><strong>12、如何容器透明，内容不透明？</strong></p>\r\n<div class=\"shili\">\r\n<p>.outer{width:200px;height:200px;background:rgba(0,0,0,.2);background:#000\\9;filter:alpha(opacity=20)\\9;}</p>\r\n<p>.outer .inner{position:relative\\9;}<span class=\"Apple-tab-span\" style=\"white-space:pre\">					</span></p>\r\n<p>&lt;div class=\"outer\"&gt;</p>\r\n<p><span class=\"Apple-tab-span\" style=\"white-space:pre\">	</span>&lt;div class=\"inner\"&gt;我是不透明的内容&lt;/div&gt;</p>\r\n<p>&lt;/div&gt;</p>\r\n<p>/* 高级浏览器直接使用rgba颜色值实现；IE浏览器在定义容器透明的同时，让子节点相对定位，也可达到效果 */</p>\r\n</div>\r\n<p><strong>13、如何做1像素细边框的table？</strong></p>\r\n<p>方法1：</p>\r\n<div class=\"shili\">\r\n<p>#test{border-collapse:collapse;border:1px solid #ddd;}</p>\r\n<p>#test th,#test td{border:1px solid #ddd;}</p>\r\n<p>&lt;table id=\"test\"&gt;</p>\r\n<p><span class=\"Apple-tab-span\" style=\"white-space:pre\">	</span>&lt;tr&gt;&lt;th&gt;姓名&lt;/th&gt;&lt;td&gt;Joy Du&lt;/td&gt;&lt;/tr&gt;</p>\r\n<p><span class=\"Apple-tab-span\" style=\"white-space:pre\">	</span>&lt;tr&gt;&lt;th&gt;年龄&lt;/th&gt;&lt;td&gt;26&lt;/td&gt;&lt;/tr&gt;</p>\r\n<p>&lt;/table&gt;</p>\r\n</div>\r\n<p>方法2：</p>\r\n<div class=\"shili\">\r\n<p>#test{border-spacing:1px;background:#ddd;}</p>\r\n<p>#test tr{background:#fff;}</p>\r\n<p>&lt;table id=\"test\" cellspacing=\"1\"&gt;</p>\r\n<p><span class=\"Apple-tab-span\" style=\"white-space:pre\">	</span>&lt;tr&gt;&lt;th&gt;姓名&lt;/th&gt;&lt;td&gt;Joy Du&lt;/td&gt;&lt;/tr&gt;</p>\r\n<p><span class=\"Apple-tab-span\" style=\"white-space:pre\">	</span>&lt;tr&gt;&lt;th&gt;年龄&lt;/th&gt;&lt;td&gt;26&lt;/td&gt;&lt;/tr&gt;</p>\r\n<p>&lt;/table&gt;</p>\r\n<p>/* IE7及更早浏览器不支持border-spacing属性，但是可以通过table的标签属性cellspacing来替代。*/</p>\r\n</div>\r\n<p><strong>14、如何让层在falsh上显示？</strong></p>\r\n<p class=\"shili\">&lt;param name=\"wmode\" value=\"transparent\" /&gt;</p>\r\n<p><strong>15、如何使用标准的方法在页面上插入flash？</strong></p>\r\n<div class=\"shili\">\r\n<p>&lt;object id=\"flash-show\" type=\"application/x-shockwave-flash\" data=\"*.swf\"&gt;</p>\r\n<p><span class=\"Apple-tab-span\" style=\"white-space:pre\">	</span>&lt;param name=\"movie\" value=\"*.swf\" /&gt;</p>\r\n<p><span class=\"Apple-tab-span\" style=\"white-space:pre\">	</span>&lt;param name=\"wmode\" value=\"transparent\" /&gt;</p>\r\n<p><span class=\"Apple-tab-span\" style=\"white-space:pre\">	</span>&lt;img src=\"*.jpg\" alt=\"用于不支持flash或屏蔽flash时显示\" /&gt;</p>\r\n<p>&lt;/object&gt;</p>\r\n<p>/* 至于flash的宽高可以在css里设置 */</p>\r\n</div><p align=\"center\" class=\"pageLink\"></p>  ', 'static/images/web1.jpg', '1494604800', 'my-blog', '2', 'CSS3制作文字、图片倒影需要涉及到使用CSS3.0新属性之box-reflect。box-reflect属性目前仅在Chrome、Safari和Opera浏览器下支持，但这并不影响我们来学习这个属性的应用。');
INSERT INTO `pre_article` VALUES ('23', '某一人似曾相识、某一刻似曾经历', '有时候会有这样的错觉：“某一人似曾相识、某一刻似曾经历”，这样奇特的感受大概你也有过。心理学称之为“即视现象”，是记忆中太多杂乱信息制造出的一种潜意识矛盾冲突。\r\n阳光下的影子，不再是你，秋天里的风，已经感觉不到你的气息，甚至让我有一种错觉，你是否来过，但在这里，始终找不到一丝你存在过的证据。', 'static/images/s5.jpg', '1494604800', 'my-blog', '6', '有时候会有这样的错觉：“某一人似曾相识、某一刻似曾经历”，这样奇特的感受大概你也有过。心理学称之为“即视现象”，是记忆中太多杂乱信息制造出的一种潜意识矛盾冲突。\r\n阳光下的影子，不再是你，秋天里的风，已经感觉不到你的气息，甚至让我有一种错觉，你是否来过，但在这里，始终找不到一丝你存在过的证据。');
INSERT INTO `pre_article` VALUES ('24', 'css技巧以及经验总结', '\r\n<div class=\"shili\">\r\n<p><a href=\"/jstt/bj/2013-08-03/549.html\" target=\"_blank\"><strong><span style=\"color: rgb(0, 0, 0);\">html css 十一条网页设计经典实用的代码片段</span></strong></a></p>\r\n<p><a href=\"/jstt/bj/2013-06-06/85.html\" target=\"_blank\"><strong><span style=\"color: rgb(0, 0, 0);\">Div+CSS 规则整理 以及注意问题</span></strong></a></p>\r\n<p><a href=\"/jstt/bj/2013-06-06/88.html\" target=\"_blank\"><strong><span style=\"color: rgb(0, 0, 0);\">10条HTML代码编写技巧</span></strong></a></p>\r\n<p><a href=\"/jstt/bj/2013-06-06/90.html\" target=\"_blank\"><strong><span style=\"color: rgb(0, 0, 0);\">CSS常见的问题和技巧总结</span></strong></a></p>\r\n</div>\r\n<p><strong>1、如何清除图片下方出现几像素的空白间隙？</strong></p>\r\n<p class=\"shili\">方法1：img{display:block;} &nbsp;方法2： img{vertical-align:top;}</p>\r\n<p><strong>2、如何让文本垂直对齐文本输入框？</strong></p>\r\n<p class=\"shili\">input{vertical-align:middle;}</p>\r\n<p><strong>3、如何让单行文本在容器内垂直居中？</strong></p>\r\n<p class=\"shili\">#test{height:25px;line-height:25px;}</p>\r\n<p>/* 只需设置文本的行高等于容器的高度即可 */</p>\r\n<p><strong>4、如何让超链接访问后和访问前的颜色不同且访问后仍保留hover和active效果？</strong></p>\r\n<div class=\"shili\">\r\n<p>a:link{color:#03c;}</p>\r\n<p>a:visited{color:#666;}</p>\r\n<p>a:hover{color:#f30;}</p>\r\n<p>a:active{color:#c30;}</p>\r\n<p>/* 按L-V-H-A的顺序设置超链接样式即可，可速记为LoVe（喜欢）HAte（讨厌）*/</p>\r\n</div>\r\n<p><strong>5、如何使文本溢出边界不换行强制在一行内显示？</strong></p>\r\n<p class=\"shili\">#test{width:150px;white-space:nowrap;}</p>\r\n<p>/* 设置容器的宽度和white-space为nowrap即可，其效果类似&lt;nobr&gt;标签 */</p>\r\n<p><strong>6、如何使文本溢出边界显示为省略号？</strong></p>\r\n<p class=\"shili\">#test{width:150px;white-space:nowrap;overflow:hidden;text-overflow:ellipsis;}</p>\r\n<p>/* 首先需设置将文本强制在一行内显示，然后将溢出的文本通过overflow:hidden截断，并以text-overflow:ellipsis方式将截断的文本显示为省略号。 */</p>\r\n<p><strong>7、如何使连续的长字符串自动换行？</strong></p>\r\n<p class=\"shili\">#test{width:150px;word-wrap:break-word;}</p>\r\n<p>/* word-wrap的break-word值允许单词内换行 */</p>\r\n<p><strong>8、如何清除浮动？</strong></p>\r\n<p>方法1：</p>\r\n<p class=\"shili\">#test{clear:both;}</p>\r\n<p>/* #test为浮动元素的下一个兄弟元素 */</p>\r\n<p>方法2：</p>\r\n<p class=\"shili\">#test{display:block;zoom:1;overflow:hidden;}</p>\r\n<p>/* #test为浮动元素的父元素。zoom:1也可以替换为固定的width或height */</p>\r\n<p>方法3：</p>\r\n<div class=\"shili\">\r\n<p>#test{zoom:1;}</p>\r\n<p>#test:after{display:block;clear:both;visibility:hidden;height:0;content:\'\';}</p>\r\n<p>/* #test为浮动元素的父元素 */</p>\r\n</div>\r\n<p><strong>9、如何让未知尺寸的图片在已知宽高的容器内水平垂直居中？</strong></p>\r\n<div class=\"shili\">\r\n<p>#test{display:table-cell;*display:block;*position:relative;width:200px;height:200px;text-align:center;vertical-align:middle;}</p>\r\n<p>#test p{*position:absolute;*top:50%;*left:50%;margin:0;}</p>\r\n<p>#test p img{*position:relative;*top:-50%;*left:-50%;vertical-align:middle;}</p>\r\n<p>/* #test是img的祖父节点，p是img的父节点。Know More：未知尺寸的图片如何水平垂直居中 */</p>\r\n</div>\r\n<p><strong>10、如何设置span的宽度和高度（即如何设置内联元素的宽高）？</strong></p>\r\n<p class=\"shili\">span{display:block;width:200px;height:100px;}</p>\r\n<p>/* 要使内联元素可以设置宽高，只需将其定义为块级或者内联块级元素即可。所以方法非常多样，既可以设置display属性，也可以设置float属性，或者position属性等等。 */</p>\r\n<p><strong>11、如何去掉超链接的虚线框？</strong></p>\r\n<p class=\"shili\">a{outline:none;}</p>\r\n<p><strong>12、如何容器透明，内容不透明？</strong></p>\r\n<div class=\"shili\">\r\n<p>.outer{width:200px;height:200px;background:rgba(0,0,0,.2);background:#000\\9;filter:alpha(opacity=20)\\9;}</p>\r\n<p>.outer .inner{position:relative\\9;}<span class=\"Apple-tab-span\" style=\"white-space:pre\">					</span></p>\r\n<p>&lt;div class=\"outer\"&gt;</p>\r\n<p><span class=\"Apple-tab-span\" style=\"white-space:pre\">	</span>&lt;div class=\"inner\"&gt;我是不透明的内容&lt;/div&gt;</p>\r\n<p>&lt;/div&gt;</p>\r\n<p>/* 高级浏览器直接使用rgba颜色值实现；IE浏览器在定义容器透明的同时，让子节点相对定位，也可达到效果 */</p>\r\n</div>\r\n<p><strong>13、如何做1像素细边框的table？</strong></p>\r\n<p>方法1：</p>\r\n<div class=\"shili\">\r\n<p>#test{border-collapse:collapse;border:1px solid #ddd;}</p>\r\n<p>#test th,#test td{border:1px solid #ddd;}</p>\r\n<p>&lt;table id=\"test\"&gt;</p>\r\n<p><span class=\"Apple-tab-span\" style=\"white-space:pre\">	</span>&lt;tr&gt;&lt;th&gt;姓名&lt;/th&gt;&lt;td&gt;Joy Du&lt;/td&gt;&lt;/tr&gt;</p>\r\n<p><span class=\"Apple-tab-span\" style=\"white-space:pre\">	</span>&lt;tr&gt;&lt;th&gt;年龄&lt;/th&gt;&lt;td&gt;26&lt;/td&gt;&lt;/tr&gt;</p>\r\n<p>&lt;/table&gt;</p>\r\n</div>\r\n<p>方法2：</p>\r\n<div class=\"shili\">\r\n<p>#test{border-spacing:1px;background:#ddd;}</p>\r\n<p>#test tr{background:#fff;}</p>\r\n<p>&lt;table id=\"test\" cellspacing=\"1\"&gt;</p>\r\n<p><span class=\"Apple-tab-span\" style=\"white-space:pre\">	</span>&lt;tr&gt;&lt;th&gt;姓名&lt;/th&gt;&lt;td&gt;Joy Du&lt;/td&gt;&lt;/tr&gt;</p>\r\n<p><span class=\"Apple-tab-span\" style=\"white-space:pre\">	</span>&lt;tr&gt;&lt;th&gt;年龄&lt;/th&gt;&lt;td&gt;26&lt;/td&gt;&lt;/tr&gt;</p>\r\n<p>&lt;/table&gt;</p>\r\n<p>/* IE7及更早浏览器不支持border-spacing属性，但是可以通过table的标签属性cellspacing来替代。*/</p>\r\n</div>\r\n<p><strong>14、如何让层在falsh上显示？</strong></p>\r\n<p class=\"shili\">&lt;param name=\"wmode\" value=\"transparent\" /&gt;</p>\r\n<p><strong>15、如何使用标准的方法在页面上插入flash？</strong></p>\r\n<div class=\"shili\">\r\n<p>&lt;object id=\"flash-show\" type=\"application/x-shockwave-flash\" data=\"*.swf\"&gt;</p>\r\n<p><span class=\"Apple-tab-span\" style=\"white-space:pre\">	</span>&lt;param name=\"movie\" value=\"*.swf\" /&gt;</p>\r\n<p><span class=\"Apple-tab-span\" style=\"white-space:pre\">	</span>&lt;param name=\"wmode\" value=\"transparent\" /&gt;</p>\r\n<p><span class=\"Apple-tab-span\" style=\"white-space:pre\">	</span>&lt;img src=\"*.jpg\" alt=\"用于不支持flash或屏蔽flash时显示\" /&gt;</p>\r\n<p>&lt;/object&gt;</p>\r\n<p>/* 至于flash的宽高可以在css里设置 */</p>\r\n</div><p align=\"center\" class=\"pageLink\"></p>  ', 'static/images/biji.jpg', '1494604800', 'my-blog', '5', '1、如何清除图片下方出现几像素的空白间隙？2、如何让文本垂直对齐文本输入框？3、如何让单行文本在容器内垂直居中？4、如何让超链接访问后和访问前的颜色不同且访问后仍保留hover和active效果？\r\n');
INSERT INTO `pre_article` VALUES ('25', '某一人似曾相识、某一刻似曾经历', '有时候会有这样的错觉：“某一人似曾相识、某一刻似曾经历”，这样奇特的感受大概你也有过。心理学称之为“即视现象”，是记忆中太多杂乱信息制造出的一种潜意识矛盾冲突。\r\n阳光下的影子，不再是你，秋天里的风，已经感觉不到你的气息，甚至让我有一种错觉，你是否来过，但在这里，始终找不到一丝你存在过的证据。', 'static/images/s5.jpg', '1494604800', 'my-blog', '6', '有时候会有这样的错觉：“某一人似曾相识、某一刻似曾经历”，这样奇特的感受大概你也有过。心理学称之为“即视现象”，是记忆中太多杂乱信息制造出的一种潜意识矛盾冲突。\r\n阳光下的影子，不再是你，秋天里的风，已经感觉不到你的气息，甚至让我有一种错觉，你是否来过，但在这里，始终找不到一丝你存在过的证据。');
INSERT INTO `pre_article` VALUES ('26', '网站运营....网站运营......', '<p>网站运营....网站运营......</p>', 'static/images/s5.jpg', '1494604800', 'my-blog', '4', '网站运营网站运营......');
INSERT INTO `pre_article` VALUES ('27', 'css技巧以及经验总结', '<div class=\"shili\">\r\n	<p>\r\n		<a href=\"/jstt/bj/2013-08-03/549.html\" target=\"_blank\"><strong><span style=\"color:#000000;\">html css 十一条网页设计经典实用的代码片段</span></strong></a>\r\n	</p>\r\n	<p>\r\n		<a href=\"/jstt/bj/2013-06-06/85.html\" target=\"_blank\"><strong><span style=\"color:#000000;\">Div+CSS 规则整理 以及注意问题</span></strong></a>\r\n	</p>\r\n	<p>\r\n		<a href=\"/jstt/bj/2013-06-06/88.html\" target=\"_blank\"><strong><span style=\"color:#000000;\">10条HTML代码编写技巧</span></strong></a>\r\n	</p>\r\n	<p>\r\n		<a href=\"/jstt/bj/2013-06-06/90.html\" target=\"_blank\"><strong><span style=\"color:#000000;\">CSS常见的问题和技巧总结</span></strong></a>\r\n	</p>\r\n</div>\r\n<p>\r\n	<strong>1、如何清除图片下方出现几像素的空白间隙？</strong>\r\n</p>\r\n<p class=\"shili\">\r\n	方法1：img{display:block;} &nbsp;方法2： img{vertical-align:top;}\r\n</p>\r\n<p>\r\n	<strong>2、如何让文本垂直对齐文本输入框？</strong>\r\n</p>\r\n<p class=\"shili\">\r\n	input{vertical-align:middle;}\r\n</p>\r\n<p>\r\n	<strong>3、如何让单行文本在容器内垂直居中？</strong>\r\n</p>\r\n<p class=\"shili\">\r\n	#test{height:25px;line-height:25px;}\r\n</p>\r\n<p>\r\n	/* 只需设置文本的行高等于容器的高度即可 */\r\n</p>\r\n<p>\r\n	<strong>4、如何让超链接访问后和访问前的颜色不同且访问后仍保留hover和active效果？</strong>\r\n</p>\r\n<div class=\"shili\">\r\n	<p>\r\n		a:link{color:#03c;}\r\n	</p>\r\n	<p>\r\n		a:visited{color:#666;}\r\n	</p>\r\n	<p>\r\n		a:hover{color:#f30;}\r\n	</p>\r\n	<p>\r\n		a:active{color:#c30;}\r\n	</p>\r\n	<p>\r\n		/* 按L-V-H-A的顺序设置超链接样式即可，可速记为LoVe（喜欢）HAte（讨厌）*/\r\n	</p>\r\n</div>\r\n<p>\r\n	<strong>5、如何使文本溢出边界不换行强制在一行内显示？</strong>\r\n</p>\r\n<p class=\"shili\">\r\n	#test{width:150px;white-space:nowrap;}\r\n</p>\r\n<p>\r\n	/* 设置容器的宽度和white-space为nowrap即可，其效果类似标签 */\r\n</p>\r\n<p>\r\n	<strong>6、如何使文本溢出边界显示为省略号？</strong>\r\n</p>\r\n<p class=\"shili\">\r\n	#test{width:150px;white-space:nowrap;overflow:hidden;text-overflow:ellipsis;}\r\n</p>\r\n<p>\r\n	/* 首先需设置将文本强制在一行内显示，然后将溢出的文本通过overflow:hidden截断，并以text-overflow:ellipsis方式将截断的文本显示为省略号。 */\r\n</p>\r\n<p>\r\n	<strong>7、如何使连续的长字符串自动换行？</strong>\r\n</p>\r\n<p class=\"shili\">\r\n	#test{width:150px;word-wrap:break-word;}\r\n</p>\r\n<p>\r\n	/* word-wrap的break-word值允许单词内换行 */\r\n</p>\r\n<p>\r\n	<strong>8、如何清除浮动？</strong>\r\n</p>\r\n<p>\r\n	方法1：\r\n</p>\r\n<p class=\"shili\">\r\n	#test{clear:both;}\r\n</p>\r\n<p>\r\n	/* #test为浮动元素的下一个兄弟元素 */\r\n</p>\r\n<p>\r\n	方法2：\r\n</p>\r\n<p class=\"shili\">\r\n	#test{display:block;zoom:1;overflow:hidden;}\r\n</p>\r\n<p>\r\n	/* #test为浮动元素的父元素。zoom:1也可以替换为固定的width或height */\r\n</p>\r\n<p>\r\n	方法3：\r\n</p>\r\n<div class=\"shili\">\r\n	<p>\r\n		#test{zoom:1;}\r\n	</p>\r\n	<p>\r\n		#test:after{display:block;clear:both;visibility:hidden;height:0;content:\';}\r\n	</p>\r\n	<p>\r\n		/* #test为浮动元素的父元素 */\r\n	</p>\r\n</div>\r\n<p>\r\n	<strong>9、如何让未知尺寸的图片在已知宽高的容器内水平垂直居中？</strong>\r\n</p>\r\n<div class=\"shili\">\r\n	<p>\r\n		#test{display:table-cell;*display:block;*position:relative;width:200px;height:200px;text-align:center;vertical-align:middle;}\r\n	</p>\r\n	<p>\r\n		#test p{*position:absolute;*top:50%;*left:50%;margin:0;}\r\n	</p>\r\n	<p>\r\n		#test p img{*position:relative;*top:-50%;*left:-50%;vertical-align:middle;}\r\n	</p>\r\n	<p>\r\n		/* #test是img的祖父节点，p是img的父节点。Know More：未知尺寸的图片如何水平垂直居中 */\r\n	</p>\r\n</div>\r\n<p>\r\n	<strong>10、如何设置span的宽度和高度（即如何设置内联元素的宽高）？</strong>\r\n</p>\r\n<p class=\"shili\">\r\n	span{display:block;width:200px;height:100px;}\r\n</p>\r\n<p>\r\n	/* 要使内联元素可以设置宽高，只需将其定义为块级或者内联块级元素即可。所以方法非常多样，既可以设置display属性，也可以设置float属性，或者position属性等等。 */\r\n</p>\r\n<p>\r\n	<strong>11、如何去掉超链接的虚线框？</strong>\r\n</p>\r\n<p class=\"shili\">\r\n	a{outline:none;}\r\n</p>\r\n<p>\r\n	<strong>12、如何容器透明，内容不透明？</strong>\r\n</p>\r\n<div class=\"shili\">\r\n	<p>\r\n		.outer{width:200px;height:200px;background:rgba(0,0,0,.2);background:#0009;filter:alpha(opacity=20)9;}\r\n	</p>\r\n	<p>\r\n		.outer .inner{position:relative9;}<span class=\"Apple-tab-span\"> </span>\r\n	</p>\r\n	<p>\r\n		<br />\r\n	</p>\r\n	<div class=\"outer\">\r\n		<p>\r\n			<br />\r\n		</p>\r\n		<p>\r\n			<span class=\"Apple-tab-span\"> </span>\r\n		</p>\r\n		<div class=\"inner\">\r\n			我是不透明的内容\r\n		</div>\r\n		<p>\r\n			<br />\r\n		</p>\r\n		<p>\r\n			<br />\r\n		</p>\r\n	</div>\r\n	<p>\r\n		<br />\r\n	</p>\r\n	<p>\r\n		/* 高级浏览器直接使用rgba颜色值实现；IE浏览器在定义容器透明的同时，让子节点相对定位，也可达到效果 */\r\n	</p>\r\n</div>\r\n<p>\r\n	<strong>13、如何做1像素细边框的table？</strong>\r\n</p>\r\n<p>\r\n	方法1：\r\n</p>\r\n<div class=\"shili\">\r\n	<p>\r\n		#test{border-collapse:collapse;border:1px solid #ddd;}\r\n	</p>\r\n	<p>\r\n		#test th,#test td{border:1px solid #ddd;}\r\n	</p>\r\n	<p>\r\n		<p>\r\n			<br />\r\n		</p>\r\n		<p>\r\n			<span class=\"Apple-tab-span\"> </span>\r\n		</p>\r\n		<p>\r\n			<br />\r\n		</p>\r\n		<p>\r\n			<span class=\"Apple-tab-span\"> </span>\r\n		</p>\r\n		<p>\r\n			<br />\r\n		</p>\r\n		<p>\r\n			<br />\r\n		</p>\r\n		<table id=\"test\">\r\n			<tbody>\r\n				<tr>\r\n					<th>\r\n						姓名\r\n					</th>\r\n					<td>\r\n						Joy Du\r\n					</td>\r\n				</tr>\r\n				<tr>\r\n					<th>\r\n						年龄\r\n					</th>\r\n					<td>\r\n						26\r\n					</td>\r\n				</tr>\r\n			</tbody>\r\n		</table>\r\n	</p>\r\n</div>\r\n<p>\r\n	方法2：\r\n</p>\r\n<div class=\"shili\">\r\n	<p>\r\n		#test{border-spacing:1px;background:#ddd;}\r\n	</p>\r\n	<p>\r\n		#test tr{background:#fff;}\r\n	</p>\r\n	<p>\r\n		<p>\r\n			<br />\r\n		</p>\r\n		<p>\r\n			<span class=\"Apple-tab-span\"> </span>\r\n		</p>\r\n		<p>\r\n			<br />\r\n		</p>\r\n		<p>\r\n			<span class=\"Apple-tab-span\"> </span>\r\n		</p>\r\n		<p>\r\n			<br />\r\n		</p>\r\n		<p>\r\n			<br />\r\n		</p>\r\n		<table id=\"test\" cellspacing=\"1\">\r\n			<tbody>\r\n				<tr>\r\n					<th>\r\n						姓名\r\n					</th>\r\n					<td>\r\n						Joy Du\r\n					</td>\r\n				</tr>\r\n				<tr>\r\n					<th>\r\n						年龄\r\n					</th>\r\n					<td>\r\n						26\r\n					</td>\r\n				</tr>\r\n			</tbody>\r\n		</table>\r\n	</p>\r\n	<p>\r\n		/* IE7及更早浏览器不支持border-spacing属性，但是可以通过table的标签属性cellspacing来替代。*/\r\n	</p>\r\n</div>\r\n<p>\r\n	<strong>14、如何让层在falsh上显示？</strong>\r\n</p>\r\n<p class=\"shili\">\r\n	<br />\r\n</p>\r\n<p>\r\n	<strong>15、如何使用标准的方法在页面上插入flash？</strong>\r\n</p>\r\n<div class=\"shili\">\r\n	<p>\r\n		<br />\r\n	</p>\r\n	<p>\r\n		/* 至于flash的宽高可以在css里设置 */\r\n	</p>\r\n</div>', 'static/images/biji.jpg', '1494604800', 'my-blog', '2', 'CSS3制作文字、图片倒影需要涉及到使用CSS3.0新属性之box-reflect。box-reflect属性目前仅在Chrome、Safari和Opera浏览器下支持，但这并不影响我们来学习这个属性的应用。');
INSERT INTO `pre_article` VALUES ('28', '网站运营....网站运营......', '<p>\r\n	网站运营....网站运营......\r\n</p>', 'static/images/s5.jpg', '1491667200', 'my-blog', '4', '网站运营网站运营......');

-- ----------------------------
-- Table structure for pre_guestbook
-- ----------------------------
DROP TABLE IF EXISTS `pre_guestbook`;
CREATE TABLE `pre_guestbook` (
  `guestB_id` int(11) NOT NULL AUTO_INCREMENT COMMENT '主键',
  `guestB_name` varchar(100) NOT NULL COMMENT '访客名称',
  `guestB_email` varchar(200) NOT NULL COMMENT '访客邮箱',
  `guestB_cont` text NOT NULL COMMENT '留言内容',
  `guestB_site` varchar(200) NOT NULL COMMENT '访客网站',
  `guestB_time` int(11) NOT NULL COMMENT '留言时间',
  `guestB_state` int(11) NOT NULL,
  `guestB_reply` text,
  PRIMARY KEY (`guestB_id`)
) ENGINE=MyISAM AUTO_INCREMENT=6 DEFAULT CHARSET=utf8 COMMENT='留言表';

-- ----------------------------
-- Records of pre_guestbook
-- ----------------------------
INSERT INTO `pre_guestbook` VALUES ('1', 'aaa', 'aaaa@.qq.com', 'ewewewewew', 'http://www.xxx.com', '1492617600', '1', 'xsxsxsxsxsxs');
INSERT INTO `pre_guestbook` VALUES ('2', 'asdasdasd', '1231231@.qq.com', 'jyhbgtvfcedwxsa', '', '1493222400', '1', '');
INSERT INTO `pre_guestbook` VALUES ('3', '5432', '7654321@.qq.com', 'jyhbgtvfcedwxsa', '', '1493222400', '1', 'asdfghjk');
INSERT INTO `pre_guestbook` VALUES ('4', 'asdasdasd', '', '测试测试测试测试测试测试测试测试测试测试测试测试\r\n测试测试测试测试测试测试测试测试测试\r\n测试测试测试测试测试测试', '', '1493743392', '0', null);

-- ----------------------------
-- Table structure for pre_link
-- ----------------------------
DROP TABLE IF EXISTS `pre_link`;
CREATE TABLE `pre_link` (
  `link_id` int(11) NOT NULL AUTO_INCREMENT,
  `link_name` varchar(200) NOT NULL COMMENT '链接站点名称',
  `link_address` varchar(200) NOT NULL COMMENT '站点地址',
  `link_desc` varchar(255) NOT NULL COMMENT '链接站点描述',
  PRIMARY KEY (`link_id`)
) ENGINE=MyISAM AUTO_INCREMENT=15 DEFAULT CHARSET=utf8;

-- ----------------------------
-- Records of pre_link
-- ----------------------------
INSERT INTO `pre_link` VALUES ('1', 'w3school 在线教程', 'http://www.w3school.com.cn/', '从基础的 HTML 到 CSS，乃至进阶的XML、SQL、JS、PHP 和 ASP.NET。');
INSERT INTO `pre_link` VALUES ('2', 'w3school 在线教程', 'http://www.w3school.com.cn/', '从基础的 HTML 到 CSS，乃至进阶的XML、SQL、JS、PHP 和 ASP.NET。');
INSERT INTO `pre_link` VALUES ('3', 'w3school 在线教程', 'http://www.w3school.com.cn/', '从基础的 HTML 到 CSS，乃至进阶的XML、SQL、JS、PHP 和 ASP.NET。');
INSERT INTO `pre_link` VALUES ('4', 'w3school 在线教程', 'http://www.w3school.com.cn/', '从基础的 HTML 到 CSS，乃至进阶的XML、SQL、JS、PHP 和 ASP.NET。');
INSERT INTO `pre_link` VALUES ('5', 'w3school 在线教程', 'http://www.w3school.com.cn/', '从基础的 HTML 到 CSS，乃至进阶的XML、SQL、JS、PHP 和 ASP.NET。');
INSERT INTO `pre_link` VALUES ('6', 'w3school 在线教程', 'http://www.w3school.com.cn/', '从基础的 HTML 到 CSS，乃至进阶的XML、SQL、JS、PHP 和 ASP.NET。');
INSERT INTO `pre_link` VALUES ('7', 'w3school 在线教程', 'http://www.w3school.com.cn/', '从基础的 HTML 到 CSS，乃至进阶的XML、SQL、JS、PHP 和 ASP.NET。');
INSERT INTO `pre_link` VALUES ('8', 'w3school 在线教程', 'http://www.w3school.com.cn/', '从基础的 HTML 到 CSS，乃至进阶的XML、SQL、JS、PHP 和 ASP.NET。');
INSERT INTO `pre_link` VALUES ('9', 'w3school 在线教程', 'http://www.w3school.com.cn/', '从基础的 HTML 到 CSS，乃至进阶的XML、SQL、JS、PHP 和 ASP.NET。');
INSERT INTO `pre_link` VALUES ('10', 'w3school 在线教程', 'http://www.w3school.com.cn/', '从基础的 HTML 到 CSS，乃至进阶的XML、SQL、JS、PHP 和 ASP.NET。');
INSERT INTO `pre_link` VALUES ('11', 'w3school 在线教程', 'http://www.w3school.com.cn/', '从基础的 HTML 到 CSS，乃至进阶的XML、SQL、JS、PHP 和 ASP.NET。');
INSERT INTO `pre_link` VALUES ('12', 'w3school 在线教程', 'http://www.w3school.com.cn/', '从基础的 HTML 到 CSS，乃至进阶的XML、SQL、JS、PHP 和 ASP.NET。');
INSERT INTO `pre_link` VALUES ('13', 'w3school 在线教程', 'http://www.w3school.com.cn/', '从基础的 HTML 到 CSS，乃至进阶的XML、SQL、JS、PHP 和 ASP.NET。');

-- ----------------------------
-- Table structure for pre_moodlist
-- ----------------------------
DROP TABLE IF EXISTS `pre_moodlist`;
CREATE TABLE `pre_moodlist` (
  `mood_id` int(11) NOT NULL AUTO_INCREMENT COMMENT '主键',
  `mood_content` text NOT NULL COMMENT '内容',
  `mood_time` int(11) NOT NULL COMMENT '时间',
  `mood_img` varchar(255) NOT NULL COMMENT '图片',
  PRIMARY KEY (`mood_id`)
) ENGINE=MyISAM AUTO_INCREMENT=18 DEFAULT CHARSET=utf8 COMMENT='心情语录';

-- ----------------------------
-- Records of pre_moodlist
-- ----------------------------
INSERT INTO `pre_moodlist` VALUES ('1', '生活的坑都是自己挖的！譬如，听别人讲话，听到最后，耳朵里只会记住两类话：最愿意听的和最不愿意听的。然后，喜欢听的未必化成快乐，但不喜欢听的一定化成了痛苦，其他的都化成了风。', '1492704000', 'static/images/271e2c42f80489b4dc68e14f8109d631.jpg');
INSERT INTO `pre_moodlist` VALUES ('2', '生活的坑都是自己挖的！譬如，听别人讲话，听到最后，耳朵里只会记住两类话：最愿意听的和最不愿意听的。然后，喜欢听的未必化成快乐，但不喜欢听的一定化成了痛苦，其他的都化成了风。', '1492704000', 'static/images/271e2c42f80489b4dc68e14f8109d631.jpg');
INSERT INTO `pre_moodlist` VALUES ('3', '每个人都会有一段异常艰难的时光，生活的窘迫，工作的失意，学业的压力，爱的惶惶不可终日。挺过来的，人生就会豁然开朗；挺不过来的，时间也会教会你怎么与它们握手言和，所以你都不必害怕的。', '1492704000', '');
INSERT INTO `pre_moodlist` VALUES ('4', '工作中摸索出来一句话：&ldquo;创意是被提出来的，能力是被逼出来的！&rdquo;', '1492704000', '');
INSERT INTO `pre_moodlist` VALUES ('5', '生活的坑都是自己挖的！譬如，听别人讲话，听到最后，耳朵里只会记住两类话：最愿意听的和最不愿意听的。然后，喜欢听的未必化成快乐，但不喜欢听的一定化成了痛苦，其他的都化成了风。', '1492704000', 'static/images/271e2c42f80489b4dc68e14f8109d631.jpg');
INSERT INTO `pre_moodlist` VALUES ('6', '每个人都会有一段异常艰难的时光，生活的窘迫，工作的失意，学业的压力，爱的惶惶不可终日。挺过来的，人生就会豁然开朗；挺不过来的，时间也会教会你怎么与它们握手言和，所以你都不必害怕的。', '1492704000', '');
INSERT INTO `pre_moodlist` VALUES ('7', '生活的坑都是自己挖的！譬如，听别人讲话，听到最后，耳朵里只会记住两类话：最愿意听的和最不愿意听的。然后，喜欢听的未必化成快乐，但不喜欢听的一定化成了痛苦，其他的都化成了风。', '1492704000', 'static/images/271e2c42f80489b4dc68e14f8109d631.jpg');
INSERT INTO `pre_moodlist` VALUES ('8', '工作中摸索出来一句话：&ldquo;创意是被提出来的，能力是被逼出来的！&rdquo;', '1492704000', '');
INSERT INTO `pre_moodlist` VALUES ('9', '生活的坑都是自己挖的！譬如，听别人讲话，听到最后，耳朵里只会记住两类话：最愿意听的和最不愿意听的。然后，喜欢听的未必化成快乐，但不喜欢听的一定化成了痛苦，其他的都化成了风。', '1492704000', 'static/images/271e2c42f80489b4dc68e14f8109d631.jpg');
INSERT INTO `pre_moodlist` VALUES ('10', '生活的坑都是自己挖的！譬如，听别人讲话，听到最后，耳朵里只会记住两类话：最愿意听的和最不愿意听的。然后，喜欢听的未必化成快乐，但不喜欢听的一定化成了痛苦，其他的都化成了风。', '1492704000', 'static/images/271e2c42f80489b4dc68e14f8109d631.jpg');
INSERT INTO `pre_moodlist` VALUES ('11', '每个人都会有一段异常艰难的时光，生活的窘迫，工作的失意，学业的压力，爱的惶惶不可终日。挺过来的，人生就会豁然开朗；挺不过来的，时间也会教会你怎么与它们握手言和，所以你都不必害怕的。', '1492704000', '');
INSERT INTO `pre_moodlist` VALUES ('12', '生活的坑都是自己挖的！譬如，听别人讲话，听到最后，耳朵里只会记住两类话：最愿意听的和最不愿意听的。然后，喜欢听的未必化成快乐，但不喜欢听的一定化成了痛苦，其他的都化成了风。', '1492704000', 'static/images/271e2c42f80489b4dc68e14f8109d631.jpg');
INSERT INTO `pre_moodlist` VALUES ('13', '生活的坑都是自己挖的！譬如，听别人讲话，听到最后，耳朵里只会记住两类话：最愿意听的和最不愿意听的。然后，喜欢听的未必化成快乐，但不喜欢听的一定化成了痛苦，其他的都化成了风。', '1492704000', 'static/images/271e2c42f80489b4dc68e14f8109d631.jpg');
INSERT INTO `pre_moodlist` VALUES ('14', '工作中摸索出来一句话：&ldquo;创意是被提出来的，能力是被逼出来的！&rdquo;', '1492704000', '');
INSERT INTO `pre_moodlist` VALUES ('15', '生活的坑都是自己挖的！譬如，听别人讲话，听到最后，耳朵里只会记住两类话：最愿意听的和最不愿意听的。然后，喜欢听的未必化成快乐，但不喜欢听的一定化成了痛苦，其他的都化成了风。', '1493454400', 'static/images/271e2c42f80489b4dc68e14f8109d631.jpg');
INSERT INTO `pre_moodlist` VALUES ('16', '生活的坑都是自己挖的！譬如，听别人讲话，听到最后，耳朵里只会记住两类话：最愿意听的和最不愿意听的。然后，喜欢听的未必化成快乐，但不喜欢听的一定化成了痛苦，其他的都化成了风。', '1493554400', 'static/images/271e2c42f80489b4dc68e14f8109d631.jpg');
INSERT INTO `pre_moodlist` VALUES ('17', 'ceshi测试测试测试', '1492704000', 'uploads/201705020859391821.jpg');

-- ----------------------------
-- Table structure for pre_photograph
-- ----------------------------
DROP TABLE IF EXISTS `pre_photograph`;
CREATE TABLE `pre_photograph` (
  `photo_id` int(11) NOT NULL AUTO_INCREMENT,
  `photo_img` varchar(200) NOT NULL,
  `photo_desc` varchar(150) NOT NULL,
  `photo_cate` varchar(100) NOT NULL,
  `photo_time` int(11) NOT NULL,
  PRIMARY KEY (`photo_id`)
) ENGINE=MyISAM AUTO_INCREMENT=12 DEFAULT CHARSET=utf8 COMMENT='摄影美图';

-- ----------------------------
-- Records of pre_photograph
-- ----------------------------
INSERT INTO `pre_photograph` VALUES ('1', 'static/images/06.jpg', '', '分类1', '1492617600');
INSERT INTO `pre_photograph` VALUES ('2', 'static/images/02.jpg', '', '分类1', '1492617600');
INSERT INTO `pre_photograph` VALUES ('3', 'static/images/03.jpg', '', '分类1', '1492617600');
INSERT INTO `pre_photograph` VALUES ('4', 'static/images/04.jpg', '', '分类1', '1492617600');
INSERT INTO `pre_photograph` VALUES ('5', 'static/images/05.jpg', '', '分类1', '1492617600');
INSERT INTO `pre_photograph` VALUES ('6', 'static/images/06.jpg', '', '分类1', '1492617600');
INSERT INTO `pre_photograph` VALUES ('7', 'static/images/07.jpg', '', '分类1', '1492617600');
INSERT INTO `pre_photograph` VALUES ('8', 'static/images/08.jpg', '', '分类1', '1492617600');
INSERT INTO `pre_photograph` VALUES ('9', 'static/images/09.jpg', '', '分类1', '1492617600');
INSERT INTO `pre_photograph` VALUES ('11', 'uploads/201705021041226792.jpg', '', '分类2', '1492617600');
